company_name,postings_count,total_openings,mean_avg_salary_lakh,pct_of_market_openings,cumulative_openings,cumulative_pct_openings,company_rank
TCS,10,9064,9.46,9.75,9064,9.75,1
Accenture,10,5425,12.19,5.83,14489,15.58,2
Cognizant,10,3813,11.21,4.1,18302,19.68,3
Wipro,10,2566,10.49,2.76,20868,22.44,4
IBM,10,2480,13.34,2.67,23348,25.1,5
Genpact,8,2147,11.82,2.31,25495,27.41,6
Capgemini,10,1994,10.81,2.14,27489,29.56,7
L&T Infotech,9,1873,12.59,2.01,29362,31.57,8
Tech Mahindra,10,1830,9.86,1.97,31192,33.54,9
HCL Technologies,10,1783,11.67,1.92,32975,35.46,10
Deloitte,10,1714,14.19,1.84,34689,37.3,11
Evalueserve,3,1698,9.6,1.83,36387,39.12,12
Infosys,10,1686,10.55,1.81,38073,40.94,13
Amazon,9,1279,20.14,1.38,39352,42.31,14
DXC Technology,10,1076,11.46,1.16,40428,43.47,15
EXL Service,8,996,11.26,1.07,41424,44.54,16
Ernst & Young,9,896,14.09,0.96,42320,45.5,17
HSBC,8,795,14.2,0.85,43115,46.36,18
Quantiphi Analytics Solutions,6,785,11.72,0.84,43900,47.2,19
American Express,7,781,15.9,0.84,44681,48.04,20
Optum,8,709,15.16,0.76,45390,48.8,21
Societe Generale,5,659,17.12,0.71,46049,49.51,22
UnitedHealth,8,638,14.11,0.69,46687,50.2,23
JP Morgan Chase,10,632,18.87,0.68,47319,50.88,24
Mindtree,10,602,10.69,0.65,47921,51.53,25
