dataset,variable,count,mean,std,median,q1,q3,iqr,min,max,skewness,kurtosis
DataScience Jobs,min_salary_lakh,1602,8.634,5.797,7.0,4.4,11.5,7.1,0.2,55.0,1.55,4.072
DataScience Jobs,avg_salary_lakh,1602,13.235,7.841,11.9,7.6,17.175,9.575,1.4,82.0,1.734,7.398
DataScience Jobs,max_salary_lakh,1602,19.143,11.15,18.0,12.0,24.0,12.0,2.0,102.0,2.402,12.697
DataScience Jobs,salary_spread_lakh,1602,10.509,8.01,9.25,5.8,13.5,7.7,0.0,91.0,3.779,26.953
DataScience Jobs,salary_spread_ratio,1602,0.846,0.408,0.794,0.559,1.085,0.526,0.0,3.058,0.744,1.008
DataScience Jobs,num_of_jobs,1602,58.056,169.042,22.0,9.25,47.0,37.75,3.0,4200.0,12.786,250.281
DataScience Jobs,log10_num_of_jobs,1602,1.405,0.484,1.362,1.01,1.681,0.671,0.602,3.623,0.787,0.746
DataScience Jobs,min_experience,1602,2.799,2.354,2.0,1.0,4.0,3.0,0.0,21.0,1.763,5.583
Analytics Jobs,min_experience,15841,4.318,3.346,3.0,2.0,6.0,4.0,0.0,23.0,1.021,0.919
Analytics Jobs,max_experience,15841,8.064,4.235,7.0,5.0,10.0,5.0,0.0,30.0,0.996,1.487
Analytics Jobs,midpoint_experience,15841,6.191,3.732,5.5,3.5,8.0,4.5,0.0,26.5,1.012,1.108
Analytics Jobs,salary_rank,15841,3.409,1.547,4.0,2.0,5.0,3.0,1.0,6.0,-0.121,-1.083
Analytics Jobs,salary_midpoint,15841,12.271,9.656,12.5,4.5,20.0,15.5,1.5,37.5,1.192,1.067
Analytics Jobs,job_description_char_count,15841,78.463,42.972,102.0,72.0,106.0,34.0,0.0,109.0,-1.206,-0.434
Analytics Jobs,job_description_word_count,15841,11.817,6.682,14.0,10.0,16.0,6.0,0.0,27.0,-0.985,-0.595
JDS Skill Traits,big_data_skills,139,3.85,0.847,3.8,3.1,4.6,1.5,2.3,5.0,-0.08,-1.215
JDS Skill Traits,maths_stats_skills,139,4.294,0.844,4.6,3.8,5.0,1.2,2.2,5.0,-0.962,-0.323
JDS Skill Traits,coding_skills,139,4.268,0.893,4.6,3.35,5.0,1.65,2.2,5.0,-0.88,-0.694
JDS Skill Traits,ai_and_ml_skills,139,4.566,0.667,4.9,4.4,5.0,0.6,2.2,5.0,-1.686,1.881
JDS Skill Traits,dashboard_and_storytelling_skills,139,4.355,0.933,5.0,3.75,5.0,1.25,2.3,5.0,-1.067,-0.505
SDS Personality Traits,neuroticism,161,36.193,11.268,34.0,27.0,44.0,17.0,17.0,68.0,0.715,0.055
SDS Personality Traits,extraversion,161,43.205,12.135,45.0,34.0,53.0,19.0,17.0,67.0,-0.315,-0.754
SDS Personality Traits,openness_to_experience,161,41.329,11.322,44.0,32.0,49.0,17.0,18.0,65.0,-0.377,-0.717
SDS Personality Traits,agreeableness,161,44.602,11.293,46.0,39.0,51.0,12.0,17.0,68.0,-0.437,-0.218
SDS Personality Traits,conscientiousness,161,45.211,13.212,49.0,35.0,56.0,21.0,18.0,66.0,-0.529,-0.962
