research_question,datasets_used,primary_figures,primary_tables,key_exploratory_finding,phase3_analytical_limitation
RQ1: Market Demand by Role & Organization,"DataScience Jobs (N=1,602)","Fig 3 (Role Demand), Fig 4 (Employer Concentration)","Table 2 (Role Demand), Table 3 (Company Demand)",Data Scientist commands 48.6% of requisitions; top 15 employers drive 42.4% of total openings,Descriptive job counts; does not capture requisition fill-rate or job turnover duration
RQ2: Experience-to-Compensation Elasticity,"DataScience Jobs (N=1,602), Analytics Jobs (N=15,841)","Fig 5 (Compensation Envelopes), Fig 6 (Salary Spread), Fig 7 (Experience Curve), Fig 8 (Experience Tiers)","Table 4 (Salary Summary), Table 5 (Experience Summary)",Moderate positive association between experience and salary (r = 0.54); salary spread widens significantly with seniority,Observed correlation; cannot establish causal return to tenure without longitudinal panel data
RQ3: Regional Geographic Analytics Demand,"Analytics Jobs (N=15,841)",Fig 10 (Geographic Salary Alignment),Table 6 (Location Summary),"Tri-metro corridor (Bengaluru, NCR, Mumbai) dominates 68.5% of postings; Bengaluru leads high-salary share (27.4%)",Postings-level concentration; does not account for regional cost-of-living index variations
RQ4: Frequency & Landscape of Technical Skills,"Analytics Jobs (N=15,841)","Fig 9 (Top 25 In-Demand Skills), Fig 11 (Skill Co-occurrence)",Table 7 (Skill Frequency),"SQL (46.8%), Analytics (37.2%), Python (32.8%), and Excel (19.4%) form the foundational data literacy stack",Keyword frequency in posting text; does not measure depth of expertise required
RQ5: Skill-to-Salary Tier Associations,"Analytics Jobs (N=15,841)","Fig 10, Fig 11",Table 8 (Skill Salary Comparison),"Python (+24.1% delta), Spark (+14.8%), AWS (+13.2%), and Machine Learning (+12.9%) exhibit highest high-salary prevalence differentials",Bivariate exploratory associations; multivariable econometric controls deferred to Phase 4
RQ6: Junior Data Scientist Skill Competencies,"JDS Skill Traits (Baseline N=139, Sensitivity N=137)","Fig 12 (Competency Profiles), Fig 13 (Hike Differentiation)","Table 9 (JDS Summary), Table 11 (Correlations)",AI/ML (d = 0.72) and Maths/Stats (d = 0.65) show largest mean divergence between high and low salary hike cohorts,Observational rating data on N=139; inferential hypothesis tests deferred to Phase 4
RQ7: Senior Data Scientist Personality Profiles,SDS Personality Traits (N=161),"Fig 14 (Personality Profiles), Fig 15 (Trait Correlations)","Table 10 (SDS Summary), Table 11 (Correlations)",Conscientiousness (d = 0.81) and Emotional Stability/Low Neuroticism (d = -0.74) exhibit visible separation across consulting success,Self-report/evaluator ratings on N=161 with duplicated subjects; causality not inferred
RQ8: Exploratory Model Readiness Diagnostics,All 4 Processed Datasets,"Fig 1 (Missingness Matrix), Fig 2 (ID Diagnostics)","Table 1 (Descriptive Summary), Table 12 (Diagnostics)",Both JDS and SDS targets are well-balanced (~52/48%); GroupKFold mandatory for SDS; num_of_jobs requires log transformation,Diagnostic screening only; no machine-learning models trained or evaluated in Phase 3
RQ9: Descriptive Multi-Source Synthesis,All 4 Processed Datasets,Portfolio Synthesis across Figs 1-15,Complete Table Portfolio,Identified conceptual progression: foundational skills (market) -> advanced modeling (junior hike) -> behavioral consulting execution (senior success),Conceptual triangulation across independent evidence lenses; zero row-level dataset merging
