job_title,postings_count,total_openings,mean_openings_per_posting,mean_avg_salary_lakh,median_avg_salary_lakh,mean_min_experience,pct_of_postings,pct_of_total_openings,demand_rank
Business Analyst,188,32843,174.7,8.95,8.3,1.7,11.74,35.31,1
Data Analyst,187,18095,96.76,5.71,5.0,0.82,11.67,19.46,2
Senior Business Analyst,187,14115,75.48,13.17,13.0,4.02,11.67,15.18,3
Data Scientist,188,9051,48.14,13.53,12.8,1.54,11.74,9.73,4
Data Engineer,188,8044,42.79,11.81,10.850000000000001,1.51,11.74,8.65,5
Senior Data Analyst,187,3825,20.45,9.57,8.6,2.86,11.67,4.11,6
Senior Data Engineer,183,3411,18.64,19.0,17.6,4.57,11.42,3.67,7
Senior Data Scientist,185,2129,11.51,22.29,21.2,3.96,11.55,2.29,8
Machine Learning Engineer,59,964,16.34,9.85,9.1,1.44,3.68,1.04,9
Data Architect,50,528,10.56,25.09,24.25,9.98,3.12,0.57,10
