dataset,column,raw_dtype,inferred_semantic_role,semantic_type,description,unique_count,unique_percentage,example_values
DataScience Jobs,reference_no,int64,Identifier / Key,Categorical / Key,Integer reference number (non-unique),1460,91.14,"[7834, 7862, 5925]"
DataScience Jobs,company_name,object,Hiring Organization,Categorical / Text,Company name string,642,40.07,"['TCS', 'Accenture', 'IBM']"
DataScience Jobs,job_title,object,Role Title,Categorical,Standardized job title,10,0.62,"['Data Scientist', 'Data Scientist', 'Data Scientist']"
DataScience Jobs,min_experience,int64,Experience Barrier,Numeric (Years),Minimum required experience,18,1.12,"[2, 2, 2]"
DataScience Jobs,avg_salary,object,Compensation (Mean),Numeric Text (Lakhs),String currency with 'L' suffix,305,19.04,"['7.8L', '12.8L', '13.4L']"
DataScience Jobs,min_salary,object,Compensation (Min),Numeric Text (Lakhs),String currency with 'L' suffix,197,12.3,"['4.5L', '5.8L', '5.3L']"
DataScience Jobs,max_salary,object,Compensation (Max),Numeric Text (Lakhs),String currency with 'L' suffix,304,18.98,"['16.0L', '23.0L', '25.0L']"
DataScience Jobs,num_of_jobs,int64,Requisition Volume,Numeric (Count),Number of vacancies advertised,220,13.73,"[841, 501, 394]"
Analytics Jobs,s_no,int64,Identifier / Index,Integer Key,Sequential row index,15841,100.0,"[1, 2, 3]"
Analytics Jobs,experience,object,Experience Range,Text Range,Experience string interval (e.g. '6-10 yrs'),128,0.81,"['6-10 yrs', '8-12 yrs', '3-8 yrs']"
Analytics Jobs,job_description,object,Job Text,Text / NLP,Free-form natural language text,7859,49.61,"['Must be knowledgeable and experienced in relational database concepts,Oracle Apps database architecture ...', '- Experience in building scalable and highly available distributed systems;- Hands-on experience in web ...', '     Our software engineers at Fiserv bring an open and creative mindset to a global team developing ...']"
Analytics Jobs,job_desig,object,Job Title,Text / Categorical,Unstructured designation string,10097,63.74,"['Oracle EBS Technical Consultant', 'Staff Software Engineer - Object Oriented Analysis & Design', 'Servicenow Developer']"
Analytics Jobs,job_type,object,Job Family,Categorical,Category flag (75.8% missing),5,0.03,"['Analytics', 'Analytics', 'Analytics']"
Analytics Jobs,key_skills,object,Skill List,Text / Delimited,Comma-delimited skill keywords,11155,70.42,"['Oracle SQL, PLSQL, PL, Oracle Forms, Oracle Reports, Oracle Workflow...', 'Javascript, HTML, JQuery, Web Development, Play Framework, MVC, Rest...', 'SNOW, Servicenow, Servicenow Developer']"
Analytics Jobs,location,object,Geographic Hub,Categorical / Text,"City/region strings, multi-city",1355,8.55,"['Bengaluru, Chennai', 'Bengaluru', 'Hyderabad, Pune']"
Analytics Jobs,salary,object,Salary Bracket,Categorical (Ordinal),6 discrete string brackets,6,0.04,"['6to10', '10to15', '0to3']"
JDS Skill Traits,id,object,Employee Identifier,Integer Key,Anonymized junior employee ID,137,80.12,"['2809', '2231', '3522']"
JDS Skill Traits,big_data_skills,object,Technical Competency,Numeric (1-5 Scale),Big data rating,28,16.37,"['3.6', '5', '4.0999999999999996']"
JDS Skill Traits,maths-stats_skills,object,Technical Competency,Numeric (1-5 Scale),Math & stats rating,27,15.79,"['4', '3.8', '3.8']"
JDS Skill Traits,coding_skills,object,Technical Competency,Numeric (1-5 Scale),Programming rating,22,12.87,"['4.5', '3.3', '4.4000000000000004']"
JDS Skill Traits,ai_and_ml_skills,object,Technical Competency,Numeric (1-5 Scale),AI/ML rating,22,12.87,"['4.8', '5', '4.2']"
JDS Skill Traits,dashboard_and_storytelling_skills,object,Technical Competency,Numeric (1-5 Scale),BI & storytelling rating,21,12.28,"['5', '4.4000000000000004', '5']"
JDS Skill Traits,salary_hike_high_or_low,object,Career Outcome Target,Binary Indicator,"1=High hike, 0=Low hike",2,1.17,"['1', '0', '1']"
SDS Personality Traits,id,object,Personality / Outcome,Numeric / Target,Psychometric measurement / Target,152,94.41,"['8120', '8951', '8656']"
SDS Personality Traits,neuroticism,object,Personality / Outcome,Numeric / Target,Psychometric measurement / Target,45,27.95,"['33', '50', '38']"
SDS Personality Traits, extraversion,object,Personality / Outcome,Numeric / Target,Psychometric measurement / Target,47,29.19,"['34', '36', '35']"
SDS Personality Traits,openness_to_experience,object,Personality / Outcome,Numeric / Target,Psychometric measurement / Target,46,28.57,"['39', '31', '42']"
SDS Personality Traits,agreeableness,object,Personality / Outcome,Numeric / Target,Psychometric measurement / Target,47,29.19,"['45', '59', '39']"
SDS Personality Traits,conscientiousness,object,Personality / Outcome,Numeric / Target,Psychometric measurement / Target,46,28.57,"['51', '39', '49']"
SDS Personality Traits,success_ classification_ high_low,object,Personality / Outcome,Numeric / Target,Psychometric measurement / Target,2,1.24,"['1', '0', '1']"
