dataset,column,actual_nan_count,string_missing_count,total_missing_count,missing_percentage,non_missing_count,unique_non_missing_count,missing_severity
DataScience Jobs,reference_no,0,0,0,0.0,1602,1460,0% (Complete)
DataScience Jobs,company_name,0,0,0,0.0,1602,642,0% (Complete)
DataScience Jobs,job_title,0,0,0,0.0,1602,10,0% (Complete)
DataScience Jobs,min_experience,0,0,0,0.0,1602,18,0% (Complete)
DataScience Jobs,avg_salary,0,0,0,0.0,1602,305,0% (Complete)
DataScience Jobs,min_salary,0,0,0,0.0,1602,197,0% (Complete)
DataScience Jobs,max_salary,0,0,0,0.0,1602,304,0% (Complete)
DataScience Jobs,num_of_jobs,0,0,0,0.0,1602,220,0% (Complete)
Analytics Jobs,job_type,12011,0,12011,75.822,3830,5,>50% (Severe)
Analytics Jobs,job_description,3508,0,3508,22.145,12333,7859,20-50% (High)
Analytics Jobs,key_skills,1,0,1,0.006,15840,11155,<1% (Negligible)
Analytics Jobs,s_no,0,0,0,0.0,15841,15841,0% (Complete)
Analytics Jobs,experience,0,0,0,0.0,15841,128,0% (Complete)
Analytics Jobs,job_desig,0,0,0,0.0,15841,10097,0% (Complete)
Analytics Jobs,location,0,0,0,0.0,15841,1355,0% (Complete)
Analytics Jobs,salary,0,0,0,0.0,15841,6,0% (Complete)
JDS Skill Traits,id,32,0,32,18.713,139,137,5-20% (Moderate)
JDS Skill Traits,big_data_skills,32,0,32,18.713,139,28,5-20% (Moderate)
JDS Skill Traits,maths-stats_skills,32,0,32,18.713,139,27,5-20% (Moderate)
JDS Skill Traits,coding_skills,32,0,32,18.713,139,22,5-20% (Moderate)
JDS Skill Traits,ai_and_ml_skills,32,0,32,18.713,139,22,5-20% (Moderate)
JDS Skill Traits,dashboard_and_storytelling_skills,32,0,32,18.713,139,21,5-20% (Moderate)
JDS Skill Traits,salary_hike_high_or_low,32,0,32,18.713,139,2,5-20% (Moderate)
SDS Personality Traits,id,0,0,0,0.0,161,152,0% (Complete)
SDS Personality Traits,neuroticism,0,0,0,0.0,161,45,0% (Complete)
SDS Personality Traits, extraversion,0,0,0,0.0,161,47,0% (Complete)
SDS Personality Traits,openness_to_experience,0,0,0,0.0,161,46,0% (Complete)
SDS Personality Traits,agreeableness,0,0,0,0.0,161,47,0% (Complete)
SDS Personality Traits,conscientiousness,0,0,0,0.0,161,46,0% (Complete)
SDS Personality Traits,success_ classification_ high_low,0,0,0,0.0,161,2,0% (Complete)
