dataset,column,count,missing_count,mean,std,min,q1,median,q3,max,iqr,skewness,unique_count
DataScience Jobs,min_experience,1602,0,2.799,2.354,0.0,1.0,2.0,4.0,21.0,3.0,1.765,18
DataScience Jobs,num_of_jobs,1602,0,58.056,169.042,3.0,9.25,22.0,47.0,4200.0,37.75,12.798,220
JDS Skill Traits,big_data_skills,139,32,3.85,0.847,2.3,3.1,3.8,4.6,5.0,1.5,-0.081,28
JDS Skill Traits,maths-stats_skills,139,32,4.294,0.844,2.2,3.8,4.6,5.0,5.0,1.2,-0.973,27
JDS Skill Traits,coding_skills,139,32,4.268,0.893,2.2,3.35,4.6,5.0,5.0,1.65,-0.89,22
JDS Skill Traits,ai_and_ml_skills,139,32,4.566,0.667,2.2,4.4,4.9,5.0,5.0,0.6,-1.705,22
JDS Skill Traits,dashboard_and_storytelling_skills,139,32,4.355,0.933,2.3,3.75,5.0,5.0,5.0,1.25,-1.079,21
SDS Personality Traits,neuroticism,161,0,36.193,11.268,17.0,27.0,34.0,44.0,68.0,17.0,0.722,45
SDS Personality Traits, extraversion,161,0,43.205,12.135,17.0,34.0,45.0,53.0,67.0,19.0,-0.318,47
SDS Personality Traits,openness_to_experience,161,0,41.329,11.322,18.0,32.0,44.0,49.0,65.0,17.0,-0.381,46
SDS Personality Traits,agreeableness,161,0,44.602,11.293,17.0,39.0,46.0,51.0,68.0,12.0,-0.442,47
SDS Personality Traits,conscientiousness,161,0,45.211,13.212,18.0,35.0,49.0,56.0,66.0,21.0,-0.534,46
