dataset,column,count,q1,q3,iqr,lower_bound,upper_bound,low_outlier_count,high_outlier_count,total_outlier_count,outlier_percentage,sample_extreme_values
DataScience Jobs,min_experience,1602,1.0,4.0,3.0,-3.5,8.5,0,39,39,2.434,"[21, 16, 15]"
DataScience Jobs,num_of_jobs,1602,9.25,47.0,37.75,-47.375,103.625,0,164,164,10.237,"[4200, 1900, 1700]"
JDS Skill Traits,big_data_skills,139,3.1,4.6,1.5,0.85,6.85,0,0,0,0.0,[]
JDS Skill Traits,maths-stats_skills,139,3.8,5.0,1.2,2.0,6.8,0,0,0,0.0,[]
JDS Skill Traits,coding_skills,139,3.35,5.0,1.65,0.875,7.475,0,0,0,0.0,[]
JDS Skill Traits,ai_and_ml_skills,139,4.4,5.0,0.6,3.5,5.9,18,0,18,12.95,"[2.2, 2.3, 2.8]"
JDS Skill Traits,dashboard_and_storytelling_skills,139,3.75,5.0,1.25,1.875,6.875,0,0,0,0.0,[]
SDS Personality Traits,neuroticism,161,27.0,44.0,17.0,1.5,69.5,0,0,0,0.0,[]
SDS Personality Traits, extraversion,161,34.0,53.0,19.0,5.5,81.5,0,0,0,0.0,[]
SDS Personality Traits,openness_to_experience,161,32.0,49.0,17.0,6.5,74.5,0,0,0,0.0,[]
SDS Personality Traits,agreeableness,161,39.0,51.0,12.0,21.0,69.0,5,0,5,3.106,"[17, 19, 20]"
SDS Personality Traits,conscientiousness,161,35.0,56.0,21.0,3.5,87.5,0,0,0,0.0,[]
