timestamp,dataset,operation,columns,rows_before,rows_after,rows_changed,values_changed,rationale,source_phase1_finding,output_dataset
2026-10-07T10:17:44.514806+00:00,JDS Skill Traits,Remove Completely Blank Rows,"id, big_data_skills, maths-stats_skills, coding_skills, ai_and_ml_skills, dashboard_and_storytelling_skills, salary_hike_high_or_low",171,139,32,Dropped 32 empty trailing Excel rows,Rows 140-171 were 100% empty trailing cells resulting from spreadsheet formatting,Phase 1 Missing Value Audit: exactly 32 trailing rows are 100% null,jds_interim
2026-10-07T10:17:44.515597+00:00,JDS Skill Traits,Standardize Column Header,maths-stats_skills,139,139,0,Renamed 'maths-stats_skills' -> 'maths_stats_skills',Eliminate hyphen operator to conform to valid Python and SQL identifier standards,Phase 1 Text Quality Audit: hyphen in maths-stats_skills header,jds_interim
2026-10-07T10:17:44.516409+00:00,JDS Skill Traits,Cast and Validate Skill Columns,"big_data_skills, maths_stats_skills, coding_skills, ai_and_ml_skills, dashboard_and_storytelling_skills",139,139,139,"Cast 5 skill columns to float64, validated in [1.0, 5.0]",Convert string numbers to continuous float64 for statistical computation,Phase 1 Data Type Audit: skill ratings loaded as strings from Excel XML,jds_interim
2026-10-07T10:17:44.517081+00:00,JDS Skill Traits,Validate Binary Target,salary_hike_high_or_low,139,139,139,"Cast target to int64, verified binary {0, 1}",Ensure binary classification target integrity without rebalancing,Phase 1 Target Balance Audit: binary target with 73 Class 1 and 66 Class 0,jds_interim
2026-10-07T10:17:44.518125+00:00,JDS Skill Traits,Create Robustness Sensitivity Subset,"id, salary_hike_high_or_low",139,137,2,Excluded 2 rows with duplicate conflicting ID 3291 (139 -> 137),Isolate label conflict noise for future model sensitivity benchmarking,Phase 1 Duplicate Audit: ID 3291 has target=0 in row 3 and target=1 in row 29,jds_sensitivity_3291_removed
2026-10-07T10:17:44.518253+00:00,SDS Personality Traits,Sanitize Column Headers,"id, neuroticism,  extraversion, openness_to_experience, agreeableness, conscientiousness, success_ classification_ high_low",161,161,0,"Standardized headers to snake_case (e.g. 'extraversion', 'success_classification_high_low')",Eliminate leading whitespace in ' extraversion' and internal spaces in 'success_ classification_ high_low',Phase 1 Text Quality Audit: whitespace in SDS column headers,sds_interim
2026-10-07T10:17:44.519162+00:00,SDS Personality Traits,Cast and Validate Psychometric Traits,"neuroticism, extraversion, openness_to_experience, agreeableness, conscientiousness",161,161,161,"Cast 5 Big Five trait columns to float64, verified within observed [17.0, 68.0] scale",Preserve raw psychometric score scale for interpretable odds ratio and difference modeling,Phase 1 Numerical Audit: trait scores span 17 to 68 without ceiling/floor compression,sds_interim
2026-10-07T10:17:44.519283+00:00,SDS Personality Traits,Validate Binary Target,success_classification_high_low,161,161,161,"Cast target to int64, verified binary {0, 1}","Confirm binary classification target integrity (85 Class 1, 76 Class 0) without rebalancing",Phase 1 Target Balance Audit: binary target with 52.8% positive class,sds_interim
2026-10-07T10:17:44.519374+00:00,SDS Personality Traits,Retain Observational Records with Duplicate Subject IDs,id,161,161,0,Retained all 161 rows including the 9 duplicate ID occurrences,"Duplicate IDs reflect repeated multi-rater evaluations with distinct trait profiles, not duplicate records",Phase 1 Duplicate Audit: 9 duplicate IDs with distinct traits and targets,sds_processed
2026-10-07T10:17:44.519865+00:00,DataScience Jobs,Trim Company Whitespace,company_name,1602,1602,0,Applied .str.strip() on company names without aggressive deduplication,Eliminate leading/trailing spaces while preserving distinct company entities,Phase 1 Text Quality Audit: minor whitespace in company names,data_science_jobs_interim
2026-10-07T10:17:44.519987+00:00,DataScience Jobs,Verify Standardized Job Titles,job_title,1602,1602,0,Preserved 10 standardized role titles exactly as observed,Retain core role taxonomy for macro labor-market segmentation,Phase 1 Categorical Audit: exactly 10 standardized titles with 0 typos,data_science_jobs_interim
2026-10-07T10:17:44.522771+00:00,DataScience Jobs,Parse Currency Strings to Numeric Lakhs,"min_salary, avg_salary, max_salary",1602,1602,1602,Parsed 'X.XL' text to numeric float64; preserved raw columns; verified min <= avg <= max,Enable continuous mathematical modeling and statistical analysis of compensation,Phase 1 Data Type Audit: salary fields stored as string notation with 'L',data_science_jobs_interim
2026-10-07T10:17:44.523252+00:00,DataScience Jobs,Derive Salary Spread Metrics,"min_salary_lakh, avg_salary_lakh, max_salary_lakh",1602,1602,1602,Derived salary_spread_lakh (max - min) and salary_spread_ratio (spread / avg),Quantify employer compensation flexibility and salary dispersion across roles,Phase 0 Feature Engineering Plan: salary dispersion as a key metric,data_science_jobs_processed
2026-10-07T10:17:44.523445+00:00,DataScience Jobs,Derive Log-Transformed Opening Volume,num_of_jobs,1602,1602,1602,Derived log10_num_of_jobs = log10(1 + num_of_jobs); retained raw num_of_jobs intact,Stabilize severe positive skewness (+12.83) caused by bulk campus recruitment outliers,"Phase 1 Numerical Audit: 164 bulk hiring outliers peaking at 4,200 openings",data_science_jobs_processed
2026-10-07T10:17:44.532038+00:00,Analytics Jobs,Parse Experience Intervals,experience,15841,15841,15841,"Extracted min_experience, max_experience, midpoint_experience; verified min <= max",Convert text intervals ('6-10 yrs') into continuous variables for tenure elasticity analysis,Phase 1 Data Type Audit: experience stored as text intervals across 128 formats,analytics_jobs_interim
2026-10-07T10:17:44.536267+00:00,Analytics Jobs,Transform Discrete Salary Brackets,salary,15841,15841,15841,"Mapped to salary_rank (1-6), salary_midpoint (1.5-37.5L), is_high_salary (binary >=15L)","Enable ordinal rank correlation, interval midpoint approximation, and high-wage odds modeling",Phase 1 Categorical Audit: 6 discrete salary brackets covering 100% of rows,analytics_jobs_interim
2026-10-07T10:17:44.539671+00:00,Analytics Jobs,Standardize Job Type & Impute Missing,job_type,15841,15841,15841,Normalized populated entries to 'Analytics'; missing to 'Unspecified' (75.8% missing),Retain all rows; create clean descriptive label; exclude from predictive models,Phase 1 Missing Value Audit: job_type is 75.82% missing with 5 casing variants,analytics_jobs_interim
2026-10-07T10:17:44.551211+00:00,Analytics Jobs,Clean Job Description & Compute Length Metadata,job_description,15841,15841,3508,"Imputed 3,508 missing values with ''; computed char_count and word_count",Preserve all postings; establish text length bounds without NLP model fitting,Phase 1 Missing Value Audit: 22.14% missing in job_description snippets,analytics_jobs_interim
2026-10-07T10:17:44.552743+00:00,Analytics Jobs,Clean Key Skills & Impute Single Missing Value,key_skills,15841,15841,1,Imputed 1 missing record as 'Not Specified'; trimmed whitespace,Guarantee 100% complete text string for skill tokenization,Phase 1 Missing Value Audit: 1 missing record in key_skills,analytics_jobs_interim
2026-10-07T10:17:44.787555+00:00,Analytics Jobs,Generate Top-K Multi-Hot Skill Indicators,key_skills_clean,15841,15841,15841,Derived 50 binary indicator features from empirical vocabulary,Enable quantitative skill co-occurrence and salary association modeling,Phase 0 Research Questions: RQ4 and RQ5 skill demand and compensation analysis,analytics_jobs_processed
2026-10-07T10:17:44.802816+00:00,Analytics Jobs,Map Locations to 7 Macro Clusters,location,15841,15841,15841,"Aggregated 1,355 locations into 7 macro clusters: Bengaluru, NCR, Mumbai, Pune, Hyderabad, Chennai, Other/Tier-2",Reduce extreme geographic cardinality while capturing major tech employment corridors,"Phase 1 Categorical Audit: 1,355 location strings with frequent multi-city combinations",analytics_jobs_processed
2026-10-07T10:17:44.848847+00:00,Analytics Jobs,Map Designations to 6 Role Families,job_desig,15841,15841,15841,"Classified 10,097 titles into: Data Scientist, Data Analyst, Business Analyst, Data Engineer, BI Developer, Non-Analytics/Other",Filter scraping noise and harmonize role families with DataScience Jobs taxonomy,"Phase 1 Categorical Audit: 10,097 free-text titles with non-analytics noise",analytics_jobs_processed
