model_name,split_id,repeat_id,fold_id,train_n,val_n,roc_auc,macro_f1,balanced_accuracy,accuracy,precision,recall,log_loss,brier_score,fit_time_sec
Baseline_Majority,0,0,0,111,28,0.5,0.3488,0.5,0.5357,0.5357,1.0,16.7346,0.4643,0.0004
Baseline_Majority,1,0,1,111,28,0.5,0.3488,0.5,0.5357,0.5357,1.0,16.7346,0.4643,0.0002
Baseline_Majority,2,0,2,111,28,0.5,0.3488,0.5,0.5357,0.5357,1.0,16.7346,0.4643,0.0003
Baseline_Majority,3,0,3,111,28,0.5,0.3333,0.5,0.5,0.5,1.0,18.0218,0.5,0.0002
Baseline_Majority,4,0,4,112,27,0.5,0.3415,0.5,0.5185,0.5185,1.0,17.3544,0.4815,0.0002
Baseline_Majority,5,1,0,111,28,0.5,0.3488,0.5,0.5357,0.5357,1.0,16.7346,0.4643,0.0002
Baseline_Majority,6,1,1,111,28,0.5,0.3488,0.5,0.5357,0.5357,1.0,16.7346,0.4643,0.0002
Baseline_Majority,7,1,2,111,28,0.5,0.3488,0.5,0.5357,0.5357,1.0,16.7346,0.4643,0.0002
Baseline_Majority,8,1,3,111,28,0.5,0.3333,0.5,0.5,0.5,1.0,18.0218,0.5,0.0002
Baseline_Majority,9,1,4,112,27,0.5,0.3415,0.5,0.5185,0.5185,1.0,17.3544,0.4815,0.0001
Baseline_Majority,10,2,0,111,28,0.5,0.3488,0.5,0.5357,0.5357,1.0,16.7346,0.4643,0.0002
Baseline_Majority,11,2,1,111,28,0.5,0.3488,0.5,0.5357,0.5357,1.0,16.7346,0.4643,0.0002
Baseline_Majority,12,2,2,111,28,0.5,0.3488,0.5,0.5357,0.5357,1.0,16.7346,0.4643,0.0002
Baseline_Majority,13,2,3,111,28,0.5,0.3333,0.5,0.5,0.5,1.0,18.0218,0.5,0.0002
Baseline_Majority,14,2,4,112,27,0.5,0.3415,0.5,0.5185,0.5185,1.0,17.3544,0.4815,0.0002
Baseline_Majority,15,3,0,111,28,0.5,0.3488,0.5,0.5357,0.5357,1.0,16.7346,0.4643,0.0002
Baseline_Majority,16,3,1,111,28,0.5,0.3488,0.5,0.5357,0.5357,1.0,16.7346,0.4643,0.0002
Baseline_Majority,17,3,2,111,28,0.5,0.3488,0.5,0.5357,0.5357,1.0,16.7346,0.4643,0.0002
Baseline_Majority,18,3,3,111,28,0.5,0.3333,0.5,0.5,0.5,1.0,18.0218,0.5,0.0002
Baseline_Majority,19,3,4,112,27,0.5,0.3415,0.5,0.5185,0.5185,1.0,17.3544,0.4815,0.0002
Baseline_Majority,20,4,0,111,28,0.5,0.3488,0.5,0.5357,0.5357,1.0,16.7346,0.4643,0.0002
Baseline_Majority,21,4,1,111,28,0.5,0.3488,0.5,0.5357,0.5357,1.0,16.7346,0.4643,0.0002
Baseline_Majority,22,4,2,111,28,0.5,0.3488,0.5,0.5357,0.5357,1.0,16.7346,0.4643,0.0002
Baseline_Majority,23,4,3,111,28,0.5,0.3333,0.5,0.5,0.5,1.0,18.0218,0.5,0.0002
Baseline_Majority,24,4,4,112,27,0.5,0.3415,0.5,0.5185,0.5185,1.0,17.3544,0.4815,0.0002
Logistic_Regression_L2,0,0,0,111,28,0.9359,0.8571,0.8615,0.8571,0.9231,0.8,0.3687,0.116,0.0029
Logistic_Regression_L2,1,0,1,111,28,0.9385,0.9271,0.9231,0.9286,0.8824,1.0,0.3122,0.0839,0.0016
Logistic_Regression_L2,2,0,2,111,28,0.8487,0.7812,0.7795,0.7857,0.7647,0.8667,0.5161,0.1504,0.0017
Logistic_Regression_L2,3,0,3,111,28,0.9388,0.8194,0.8214,0.8214,0.7647,0.9286,0.3376,0.1049,0.0018
Logistic_Regression_L2,4,0,4,112,27,0.8544,0.7033,0.706,0.7037,0.75,0.6429,0.5091,0.1685,0.0017
Logistic_Regression_L2,5,1,0,111,28,0.9205,0.9282,0.9282,0.9286,0.9333,0.9333,0.3385,0.0954,0.0015
Logistic_Regression_L2,6,1,1,111,28,0.8667,0.7812,0.7795,0.7857,0.7647,0.8667,0.4058,0.1302,0.0014
Logistic_Regression_L2,7,1,2,111,28,0.9641,0.8893,0.8846,0.8929,0.8333,1.0,0.3027,0.0896,0.0014
Logistic_Regression_L2,8,1,3,111,28,0.8571,0.8212,0.8214,0.8214,0.8,0.8571,0.4872,0.1509,0.0014
Logistic_Regression_L2,9,1,4,112,27,0.9451,0.8889,0.8901,0.8889,0.9231,0.8571,0.3584,0.1054,0.0014
Logistic_Regression_L2,10,2,0,111,28,0.9231,0.8564,0.8564,0.8571,0.8667,0.8667,0.3626,0.1081,0.0015
Logistic_Regression_L2,11,2,1,111,28,0.7436,0.7754,0.7744,0.7857,0.7368,0.9333,0.7196,0.2211,0.0015
Logistic_Regression_L2,12,2,2,111,28,0.9897,0.9642,0.9667,0.9643,1.0,0.9333,0.2486,0.0645,0.0014
Logistic_Regression_L2,13,2,3,111,28,0.9515,0.9286,0.9286,0.9286,0.9286,0.9286,0.2822,0.0781,0.0014
Logistic_Regression_L2,14,2,4,112,27,0.9423,0.8107,0.8104,0.8148,0.7647,0.9286,0.3647,0.1121,0.0014
Logistic_Regression_L2,15,3,0,111,28,0.859,0.8194,0.8179,0.8214,0.8125,0.8667,0.4312,0.1323,0.0014
Logistic_Regression_L2,16,3,1,111,28,0.9692,0.9642,0.9667,0.9643,1.0,0.9333,0.2728,0.0772,0.0016
Logistic_Regression_L2,17,3,2,111,28,0.9436,0.9271,0.9231,0.9286,0.8824,1.0,0.2555,0.0638,0.0013
Logistic_Regression_L2,18,3,3,111,28,0.8622,0.8212,0.8214,0.8214,0.8,0.8571,0.4786,0.1485,0.0015
Logistic_Regression_L2,19,3,4,112,27,0.8956,0.8138,0.8132,0.8148,0.8,0.8571,0.4288,0.1401,0.0014
Logistic_Regression_L2,20,4,0,111,28,0.8667,0.8194,0.8179,0.8214,0.8125,0.8667,0.4534,0.1387,0.0014
Logistic_Regression_L2,21,4,1,111,28,0.9487,0.8564,0.8564,0.8571,0.8667,0.8667,0.2839,0.0825,0.0014
Logistic_Regression_L2,22,4,2,111,28,0.841,0.7333,0.7359,0.75,0.7,0.9333,0.5017,0.1605,0.0015
Logistic_Regression_L2,23,4,3,111,28,0.9694,0.9642,0.9643,0.9643,0.9333,1.0,0.2391,0.0639,0.0014
Logistic_Regression_L2,24,4,4,112,27,0.8132,0.8138,0.8132,0.8148,0.8,0.8571,0.5501,0.1688,0.0015
Logistic_Regression_L1,0,0,0,111,28,0.9359,0.8571,0.8615,0.8571,0.9231,0.8,0.3767,0.1212,0.0011
Logistic_Regression_L1,1,0,1,111,28,0.9385,0.9271,0.9231,0.9286,0.8824,1.0,0.314,0.0848,0.0011
Logistic_Regression_L1,2,0,2,111,28,0.8487,0.7812,0.7795,0.7857,0.7647,0.8667,0.5302,0.1541,0.0012
Logistic_Regression_L1,3,0,3,111,28,0.9235,0.8564,0.8571,0.8571,0.8125,0.9286,0.3461,0.1066,0.0012
Logistic_Regression_L1,4,0,4,112,27,0.8544,0.7033,0.706,0.7037,0.75,0.6429,0.5091,0.1686,0.0011
Logistic_Regression_L1,5,1,0,111,28,0.9205,0.9282,0.9282,0.9286,0.9333,0.9333,0.3427,0.0961,0.0011
Logistic_Regression_L1,6,1,1,111,28,0.8667,0.7812,0.7795,0.7857,0.7647,0.8667,0.4067,0.1317,0.0011
Logistic_Regression_L1,7,1,2,111,28,0.9692,0.8893,0.8846,0.8929,0.8333,1.0,0.3055,0.0908,0.0013
Logistic_Regression_L1,8,1,3,111,28,0.852,0.8212,0.8214,0.8214,0.8,0.8571,0.4863,0.1504,0.0011
Logistic_Regression_L1,9,1,4,112,27,0.9396,0.8889,0.8901,0.8889,0.9231,0.8571,0.3705,0.111,0.0011
Logistic_Regression_L1,10,2,0,111,28,0.9231,0.8564,0.8564,0.8571,0.8667,0.8667,0.3592,0.1078,0.0011
Logistic_Regression_L1,11,2,1,111,28,0.7436,0.7754,0.7744,0.7857,0.7368,0.9333,0.745,0.2266,0.0013
Logistic_Regression_L1,12,2,2,111,28,0.9846,0.9642,0.9667,0.9643,1.0,0.9333,0.2621,0.0706,0.0011
Logistic_Regression_L1,13,2,3,111,28,0.9515,0.9286,0.9286,0.9286,0.9286,0.9286,0.2824,0.0775,0.0011
Logistic_Regression_L1,14,2,4,112,27,0.9423,0.8107,0.8104,0.8148,0.7647,0.9286,0.367,0.1129,0.0011
Logistic_Regression_L1,15,3,0,111,28,0.859,0.8194,0.8179,0.8214,0.8125,0.8667,0.4305,0.1323,0.0011
Logistic_Regression_L1,16,3,1,111,28,0.9692,0.9642,0.9667,0.9643,1.0,0.9333,0.2771,0.079,0.0013
Logistic_Regression_L1,17,3,2,111,28,0.9436,0.9639,0.9615,0.9643,0.9375,1.0,0.2553,0.0642,0.0011
Logistic_Regression_L1,18,3,3,111,28,0.8571,0.8212,0.8214,0.8214,0.8,0.8571,0.484,0.1496,0.0012
Logistic_Regression_L1,19,3,4,112,27,0.8901,0.8138,0.8132,0.8148,0.8,0.8571,0.4345,0.143,0.0011
Logistic_Regression_L1,20,4,0,111,28,0.8564,0.7812,0.7795,0.7857,0.7647,0.8667,0.4739,0.1458,0.0012
Logistic_Regression_L1,21,4,1,111,28,0.9487,0.8564,0.8564,0.8571,0.8667,0.8667,0.2853,0.0831,0.0012
Logistic_Regression_L1,22,4,2,111,28,0.8359,0.7333,0.7359,0.75,0.7,0.9333,0.5106,0.1631,0.0011
Logistic_Regression_L1,23,4,3,111,28,0.9694,0.9642,0.9643,0.9643,0.9333,1.0,0.247,0.0673,0.0011
Logistic_Regression_L1,24,4,4,112,27,0.8132,0.8138,0.8132,0.8148,0.8,0.8571,0.5465,0.1674,0.0011
Logistic_Regression_ElasticNet,0,0,0,111,28,0.9359,0.8571,0.8615,0.8571,0.9231,0.8,0.3724,0.1184,0.0012
Logistic_Regression_ElasticNet,1,0,1,111,28,0.9385,0.9271,0.9231,0.9286,0.8824,1.0,0.3131,0.0843,0.0011
Logistic_Regression_ElasticNet,2,0,2,111,28,0.8436,0.7812,0.7795,0.7857,0.7647,0.8667,0.5221,0.152,0.0011
Logistic_Regression_ElasticNet,3,0,3,111,28,0.9337,0.8194,0.8214,0.8214,0.7647,0.9286,0.3414,0.1057,0.0011
Logistic_Regression_ElasticNet,4,0,4,112,27,0.8544,0.7033,0.706,0.7037,0.75,0.6429,0.5091,0.1685,0.0011
Logistic_Regression_ElasticNet,5,1,0,111,28,0.9205,0.9282,0.9282,0.9286,0.9333,0.9333,0.3403,0.0957,0.0015
Logistic_Regression_ElasticNet,6,1,1,111,28,0.8667,0.7812,0.7795,0.7857,0.7647,0.8667,0.4062,0.1309,0.0012
Logistic_Regression_ElasticNet,7,1,2,111,28,0.9641,0.8893,0.8846,0.8929,0.8333,1.0,0.304,0.0902,0.0013
Logistic_Regression_ElasticNet,8,1,3,111,28,0.8571,0.8212,0.8214,0.8214,0.8,0.8571,0.4868,0.1507,0.0012
Logistic_Regression_ElasticNet,9,1,4,112,27,0.9396,0.8889,0.8901,0.8889,0.9231,0.8571,0.3637,0.1079,0.0012
Logistic_Regression_ElasticNet,10,2,0,111,28,0.9231,0.8564,0.8564,0.8571,0.8667,0.8667,0.361,0.108,0.0012
Logistic_Regression_ElasticNet,11,2,1,111,28,0.7436,0.7754,0.7744,0.7857,0.7368,0.9333,0.7299,0.2235,0.0012
Logistic_Regression_ElasticNet,12,2,2,111,28,0.9897,0.9642,0.9667,0.9643,1.0,0.9333,0.2549,0.0673,0.0011
Logistic_Regression_ElasticNet,13,2,3,111,28,0.9515,0.9286,0.9286,0.9286,0.9286,0.9286,0.2822,0.0778,0.0014
Logistic_Regression_ElasticNet,14,2,4,112,27,0.9423,0.8107,0.8104,0.8148,0.7647,0.9286,0.3657,0.1125,0.0014
Logistic_Regression_ElasticNet,15,3,0,111,28,0.8538,0.8194,0.8179,0.8214,0.8125,0.8667,0.4308,0.1323,0.0013
Logistic_Regression_ElasticNet,16,3,1,111,28,0.9692,0.9642,0.9667,0.9643,1.0,0.9333,0.2747,0.078,0.0012
Logistic_Regression_ElasticNet,17,3,2,111,28,0.9436,0.9639,0.9615,0.9643,0.9375,1.0,0.2554,0.064,0.0012
Logistic_Regression_ElasticNet,18,3,3,111,28,0.8622,0.8212,0.8214,0.8214,0.8,0.8571,0.4808,0.149,0.0015
Logistic_Regression_ElasticNet,19,3,4,112,27,0.8956,0.8138,0.8132,0.8148,0.8,0.8571,0.4314,0.1415,0.0012
Logistic_Regression_ElasticNet,20,4,0,111,28,0.8615,0.8194,0.8179,0.8214,0.8125,0.8667,0.4625,0.142,0.0012
Logistic_Regression_ElasticNet,21,4,1,111,28,0.9487,0.8564,0.8564,0.8571,0.8667,0.8667,0.2846,0.0828,0.0014
Logistic_Regression_ElasticNet,22,4,2,111,28,0.8359,0.7333,0.7359,0.75,0.7,0.9333,0.5059,0.1618,0.0012
Logistic_Regression_ElasticNet,23,4,3,111,28,0.9694,0.9642,0.9643,0.9643,0.9333,1.0,0.2428,0.0655,0.0014
Logistic_Regression_ElasticNet,24,4,4,112,27,0.8132,0.8138,0.8132,0.8148,0.8,0.8571,0.5484,0.1682,0.0012
Decision_Tree,0,0,0,111,28,0.8333,0.7846,0.7846,0.7857,0.8,0.8,2.7721,0.1669,0.0007
Decision_Tree,1,0,1,111,28,0.8462,0.8503,0.8462,0.8571,0.7895,1.0,0.402,0.1262,0.0007
Decision_Tree,2,0,2,111,28,0.7308,0.6748,0.6744,0.6786,0.6875,0.7333,1.7907,0.2307,0.0006
Decision_Tree,3,0,3,111,28,0.9082,0.8542,0.8571,0.8571,0.7778,1.0,0.3434,0.1073,0.0007
Decision_Tree,4,0,4,112,27,0.7692,0.7775,0.7802,0.7778,0.8333,0.7143,5.337,0.2161,0.0006
Decision_Tree,5,1,0,111,28,0.8538,0.7497,0.7564,0.75,0.8333,0.6667,0.4741,0.1618,0.0006
Decision_Tree,6,1,1,111,28,0.8308,0.7846,0.7846,0.7857,0.8,0.8,1.606,0.1587,0.0006
Decision_Tree,7,1,2,111,28,0.7949,0.7754,0.7744,0.7857,0.7368,0.9333,0.491,0.1634,0.0007
Decision_Tree,8,1,3,111,28,0.8163,0.7497,0.75,0.75,0.7333,0.7857,0.4893,0.1608,0.0006
Decision_Tree,9,1,4,112,27,0.8104,0.7349,0.7363,0.7407,0.7059,0.8571,1.715,0.1847,0.0006
Decision_Tree,10,2,0,111,28,0.8538,0.7497,0.7513,0.75,0.7857,0.7333,0.387,0.1257,0.0006
Decision_Tree,11,2,1,111,28,0.6256,0.641,0.641,0.6429,0.6667,0.6667,4.3677,0.3132,0.0007
Decision_Tree,12,2,2,111,28,0.9359,0.8542,0.8513,0.8571,0.8235,0.9333,1.4704,0.1044,0.0007
Decision_Tree,13,2,3,111,28,0.9388,0.8194,0.8214,0.8214,0.9091,0.7143,0.3189,0.1043,0.0007
Decision_Tree,14,2,4,112,27,0.8077,0.8052,0.8077,0.8148,0.7368,1.0,0.49,0.1626,0.0007
Decision_Tree,15,3,0,111,28,0.7205,0.7143,0.7179,0.7143,0.7692,0.6667,5.2809,0.2535,0.0006
Decision_Tree,16,3,1,111,28,0.9,0.8503,0.8462,0.8571,0.7895,1.0,0.3507,0.1132,0.0006
Decision_Tree,17,3,2,111,28,0.9128,0.8927,0.8949,0.8929,0.9286,0.8667,1.4578,0.099,0.0006
Decision_Tree,18,3,3,111,28,0.7806,0.7812,0.7857,0.7857,0.7222,0.9286,1.6757,0.1829,0.0006
Decision_Tree,19,3,4,112,27,0.7253,0.7349,0.7363,0.7407,0.7059,0.8571,3.0109,0.2258,0.0006
Decision_Tree,20,4,0,111,28,0.7769,0.7497,0.7513,0.75,0.7857,0.7333,4.0394,0.2163,0.0007
Decision_Tree,21,4,1,111,28,0.9026,0.8916,0.8897,0.8929,0.875,0.9333,0.3472,0.1045,0.0006
Decision_Tree,22,4,2,111,28,0.7615,0.7083,0.7077,0.7143,0.7059,0.8,0.5367,0.1825,0.0006
Decision_Tree,23,4,3,111,28,0.8801,0.8212,0.8214,0.8214,0.8462,0.7857,0.4166,0.1402,0.0006
Decision_Tree,24,4,4,112,27,0.7802,0.7699,0.772,0.7778,0.7222,0.9286,1.7333,0.1853,0.0006
Random_Forest,0,0,0,111,28,0.9051,0.8212,0.8282,0.8214,0.9167,0.7333,0.4252,0.1378,0.0425
Random_Forest,1,0,1,111,28,0.9333,0.9271,0.9231,0.9286,0.8824,1.0,0.331,0.0889,0.042
Random_Forest,2,0,2,111,28,0.8077,0.7846,0.7846,0.7857,0.8,0.8,0.5257,0.1735,0.0417
Random_Forest,3,0,3,111,28,0.9541,0.8916,0.8929,0.8929,0.8235,1.0,0.3622,0.1089,0.0416
Random_Forest,4,0,4,112,27,0.8379,0.7407,0.7418,0.7407,0.7692,0.7143,0.5109,0.1709,0.0421
Random_Forest,5,1,0,111,28,0.859,0.7857,0.7897,0.7857,0.8462,0.7333,0.4476,0.1458,0.0414
Random_Forest,6,1,1,111,28,0.8615,0.7497,0.7513,0.75,0.7857,0.7333,0.4982,0.1647,0.0432
Random_Forest,7,1,2,111,28,0.9641,0.8893,0.8846,0.8929,0.8333,1.0,0.3505,0.1028,0.0434
Random_Forest,8,1,3,111,28,0.8801,0.8212,0.8214,0.8214,0.8,0.8571,0.4367,0.1399,0.0433
Random_Forest,9,1,4,112,27,0.8956,0.8516,0.8544,0.8519,0.9167,0.7857,0.4118,0.1276,0.0422
Random_Forest,10,2,0,111,28,0.9282,0.8212,0.8231,0.8214,0.8571,0.8,0.3814,0.1189,0.042
Random_Forest,11,2,1,111,28,0.7154,0.6748,0.6744,0.6786,0.6875,0.7333,0.7004,0.2338,0.0417
Random_Forest,12,2,2,111,28,0.959,0.8564,0.8564,0.8571,0.8667,0.8667,0.3126,0.0874,0.0419
Random_Forest,13,2,3,111,28,0.9515,0.8916,0.8929,0.8929,1.0,0.7857,0.3414,0.099,0.0417
Random_Forest,14,2,4,112,27,0.9038,0.85,0.8489,0.8519,0.8125,0.9286,0.4395,0.1363,0.0419
Random_Forest,15,3,0,111,28,0.8487,0.7497,0.7513,0.75,0.7857,0.7333,0.5019,0.17,0.0428
Random_Forest,16,3,1,111,28,0.9897,0.9639,0.9615,0.9643,0.9375,1.0,0.3077,0.0836,0.0423
Random_Forest,17,3,2,111,28,0.9538,0.9282,0.9282,0.9286,0.9333,0.9333,0.3427,0.0977,0.0425
Random_Forest,18,3,3,111,28,0.8546,0.8564,0.8571,0.8571,0.8125,0.9286,0.4863,0.1572,0.0417
Random_Forest,19,3,4,112,27,0.8516,0.7407,0.7418,0.7407,0.7692,0.7143,0.4885,0.1636,0.0419
Random_Forest,20,4,0,111,28,0.8103,0.7143,0.7179,0.7143,0.7692,0.6667,0.5253,0.1774,0.0417
Random_Forest,21,4,1,111,28,0.9487,0.9271,0.9231,0.9286,0.8824,1.0,0.3245,0.0911,0.0417
Random_Forest,22,4,2,111,28,0.8769,0.8155,0.8128,0.8214,0.7778,0.9333,0.4505,0.1476,0.0421
Random_Forest,23,4,3,111,28,0.949,0.8564,0.8571,0.8571,0.9167,0.7857,0.3738,0.1123,0.0427
Random_Forest,24,4,4,112,27,0.8132,0.85,0.8489,0.8519,0.8125,0.9286,0.5562,0.182,0.042
Gradient_Boosting,0,0,0,111,28,0.8897,0.8212,0.8282,0.8214,0.9167,0.7333,0.4433,0.1436,0.0108
Gradient_Boosting,1,0,1,111,28,0.9282,0.8893,0.8846,0.8929,0.8333,1.0,0.3481,0.0966,0.0104
Gradient_Boosting,2,0,2,111,28,0.7974,0.7471,0.7462,0.75,0.75,0.8,0.5597,0.1849,0.0103
Gradient_Boosting,3,0,3,111,28,0.9337,0.8916,0.8929,0.8929,0.8235,1.0,0.3572,0.1053,0.0218
Gradient_Boosting,4,0,4,112,27,0.8159,0.7407,0.7418,0.7407,0.7692,0.7143,0.5234,0.1766,0.0109
Gradient_Boosting,5,1,0,111,28,0.8667,0.7857,0.7897,0.7857,0.8462,0.7333,0.4612,0.1515,0.0105
Gradient_Boosting,6,1,1,111,28,0.8359,0.7497,0.7513,0.75,0.7857,0.7333,0.5015,0.1667,0.0105
Gradient_Boosting,7,1,2,111,28,0.9359,0.8503,0.8462,0.8571,0.7895,1.0,0.3619,0.1049,0.0104
Gradient_Boosting,8,1,3,111,28,0.8444,0.8564,0.8571,0.8571,0.8125,0.9286,0.4472,0.1408,0.0102
Gradient_Boosting,9,1,4,112,27,0.8736,0.8148,0.8159,0.8148,0.8462,0.7857,0.4533,0.146,0.0105
Gradient_Boosting,10,2,0,111,28,0.8897,0.7812,0.7795,0.7857,0.7647,0.8667,0.4261,0.1323,0.0104
Gradient_Boosting,11,2,1,111,28,0.6436,0.6354,0.6359,0.6429,0.6471,0.7333,0.7611,0.263,0.0104
Gradient_Boosting,12,2,2,111,28,0.959,0.8542,0.8513,0.8571,0.8235,0.9333,0.3536,0.1037,0.0104
Gradient_Boosting,13,2,3,111,28,0.9617,0.8564,0.8571,0.8571,0.9167,0.7857,0.3418,0.0982,0.0106
Gradient_Boosting,14,2,4,112,27,0.8819,0.7699,0.772,0.7778,0.7222,0.9286,0.4508,0.1416,0.0105
Gradient_Boosting,15,3,0,111,28,0.8744,0.7497,0.7513,0.75,0.7857,0.7333,0.4962,0.1667,0.0103
Gradient_Boosting,16,3,1,111,28,0.9692,0.8916,0.8897,0.8929,0.875,0.9333,0.3183,0.0892,0.0103
Gradient_Boosting,17,3,2,111,28,0.9436,0.8927,0.8949,0.8929,0.9286,0.8667,0.3524,0.1017,0.0104
Gradient_Boosting,18,3,3,111,28,0.8597,0.7812,0.7857,0.7857,0.7222,0.9286,0.4633,0.15,0.0103
Gradient_Boosting,19,3,4,112,27,0.8626,0.7407,0.7418,0.7407,0.7692,0.7143,0.4779,0.16,0.011
Gradient_Boosting,20,4,0,111,28,0.8615,0.7497,0.7564,0.75,0.8333,0.6667,0.5077,0.1709,0.0101
Gradient_Boosting,21,4,1,111,28,0.9308,0.8916,0.8897,0.8929,0.875,0.9333,0.3388,0.0958,0.0105
Gradient_Boosting,22,4,2,111,28,0.8538,0.8155,0.8128,0.8214,0.7778,0.9333,0.4814,0.1546,0.0104
Gradient_Boosting,23,4,3,111,28,0.9184,0.8571,0.8571,0.8571,0.8571,0.8571,0.3764,0.1165,0.0107
Gradient_Boosting,24,4,4,112,27,0.7912,0.775,0.7747,0.7778,0.75,0.8571,0.5739,0.1914,0.0103
