cluster_1,cluster_2,n_1,n_2,mean_rank_1,mean_rank_2,mann_whitney_u,rank_biserial_r,raw_p_value,fdr_adjusted_p,significant_after_fdr
Bengaluru,Chennai,4093,1028,3.64,3.09,2532936.0,-0.204,5.30826300565242e-25,0.0,True
Bengaluru,Hyderabad,4093,1050,3.64,3.34,2378611.5,-0.107,4.7314511109856954e-08,0.0,True
Bengaluru,Mumbai,4093,2774,3.64,3.5,5961088.5,-0.05,0.0003225175303309244,0.000521,True
Bengaluru,NCR,4093,3988,3.64,3.43,8768856.0,-0.074,3.5945486068087744e-09,0.0,True
Bengaluru,Other/Tier-2,4093,1737,3.64,2.97,4384733.0,-0.233,7.608579417144267e-47,0.0,True
Bengaluru,Pune,4093,1171,3.64,3.29,2707654.0,-0.13,4.430759340694126e-12,0.0,True
Chennai,Hyderabad,1028,1050,3.09,3.34,491954.5,0.088,0.0003810000255396555,0.000572,True
Chennai,Mumbai,1028,2774,3.09,3.5,1213042.5,0.149,5.569025095992323e-13,0.0,True
Chennai,NCR,1028,3988,3.09,3.43,1797898.0,0.123,6.062389139149714e-10,0.0,True
Chennai,Other/Tier-2,1028,1737,3.09,2.97,937187.0,-0.05,0.025622605138621603,0.029893,True
Chennai,Pune,1028,1171,3.09,3.29,557643.5,0.074,0.002436069165071245,0.00341,True
Hyderabad,Mumbai,1050,2774,3.34,3.5,1375318.5,0.056,0.006746989978796398,0.008335,True
Hyderabad,NCR,1050,3988,3.34,3.43,2025308.5,0.033,0.09719543636970647,0.102055,False
Hyderabad,Other/Tier-2,1050,1737,3.34,2.97,1028304.5,-0.128,8.241159297470957e-09,0.0,True
Hyderabad,Pune,1050,1171,3.34,3.29,625236.0,-0.017,0.48064385997647496,0.480644,False
Mumbai,NCR,2774,3988,3.5,3.43,5663224.5,-0.024,0.0891287374741718,0.098511,False
Mumbai,Other/Tier-2,2774,1737,3.5,2.97,2845999.5,-0.181,1.5415724022273903e-25,0.0,True
Mumbai,Pune,2774,1171,3.5,3.29,1747852.5,-0.076,0.00011591563598268125,0.000203,True
NCR,Other/Tier-2,3988,1737,3.43,2.97,4017552.0,-0.16,1.157029229402692e-22,0.0,True
NCR,Pune,3988,1171,3.43,3.29,2454616.5,-0.051,0.00662362405778383,0.008335,True
Other/Tier-2,Pune,1737,1171,2.97,3.29,897357.0,0.118,4.02694081093712e-08,0.0,True
