skill_code,skill_name,n_with_skill,pct_high_with_skill,pct_high_without_skill,cell_a_skill_high,cell_b_skill_low,cell_c_noskill_high,cell_d_noskill_low,odds_ratio,ci_lower,ci_upper,chi2_statistic,raw_p_value,fdr_adjusted_p,significant_after_fdr
skill_r,R,655,50.53,27.62,331,324,4195,10991,2.677,2.287,3.132,160.374,9.376484832013346e-37,0.0,True
skill_outsourcing,Outsourcing,360,1.67,29.2,6,354,4520,10961,0.041,0.018,0.092,129.314,5.790009404247717e-30,0.0,True
skill_machine_learning,Machine Learning,629,46.26,27.84,291,338,4235,10977,2.232,1.9,2.621,99.566,1.8977395546645877e-23,0.0,True
skill_business_process,Business Process,280,4.29,29.01,12,268,4514,11047,0.11,0.061,0.196,81.169,2.0720751842858432e-19,0.0,True
skill_seo,Seo,494,10.73,29.15,53,441,4473,10874,0.292,0.219,0.389,78.643,7.440366280145504e-19,0.0,True
skill_data_science,Data Science,271,52.4,28.16,142,129,4384,11186,2.809,2.207,3.574,75.518,3.6211941505135994e-18,0.0,True
skill_sas,Sas,636,43.87,27.93,279,357,4247,10958,2.016,1.717,2.368,75.19,4.276181586977207e-18,0.0,True
skill_data_analytics,Data Analytics,412,45.87,28.11,189,223,4337,11092,2.168,1.78,2.639,61.184,5.199323828944882e-15,0.0,True
skill_digital_marketing,Digital Marketing,566,13.96,29.11,79,487,4447,10828,0.395,0.311,0.502,60.684,6.700593949742756e-15,0.0,True
skill_analytical,Analytical,200,5.5,28.87,11,189,4515,11126,0.143,0.078,0.264,51.693,6.490129634426588e-13,0.0,True
skill_spark,Spark,284,46.48,28.24,132,152,4394,11163,2.206,1.743,2.793,44.551,2.4782743409402566e-11,0.0,True
skill_java,Java,726,38.29,28.1,278,448,4248,10867,1.587,1.361,1.851,34.731,3.7857771739818636e-09,0.0,True
skill_cpp,Cpp,229,44.54,28.34,102,127,4424,11188,2.031,1.562,2.642,28.25,1.0664013778916891e-07,0.0,True
skill_sem,Sem,216,12.96,28.79,28,188,4498,11127,0.368,0.247,0.549,25.372,4.727297139829866e-07,2e-06,True
skill_banking,Banking,168,45.83,28.39,77,91,4449,11224,2.135,1.573,2.897,23.945,9.914972422256893e-07,3e-06,True
skill_google_analytics,Google Analytics,224,14.73,28.77,33,191,4493,11124,0.428,0.295,0.62,20.641,5.539424257077227e-06,1.7e-05,True
skill_finance,Finance,756,35.58,28.22,269,487,4257,10828,1.405,1.206,1.637,18.76,1.482529096586359e-05,4.4e-05,True
skill_data_mining,Data Mining,225,41.33,28.39,93,132,4433,11183,1.777,1.36,2.323,17.586,2.7461768905172805e-05,7.6e-05,True
skill_hive,Hive,199,41.71,28.4,83,116,4443,11199,1.804,1.358,2.396,16.397,5.1364678533216625e-05,0.000135,True
skill_big_data,Big Data,263,39.54,28.39,104,159,4422,11156,1.65,1.286,2.118,15.235,9.493879188746884e-05,0.000237,True
skill_python,Python,840,34.29,28.25,288,552,4238,10763,1.325,1.144,1.535,13.898,0.00019295744186487892,0.000459,True
skill_project_management,Project Management,505,35.84,28.33,181,324,4345,10991,1.413,1.174,1.701,13.144,0.0002884065098770724,0.000655,True
skill_hadoop,Hadoop,300,38.0,28.39,114,186,4412,11129,1.546,1.221,1.957,12.854,0.0003368476103497614,0.000732,True
skill_recruitment,Recruitment,162,16.05,28.7,26,136,4500,11179,0.475,0.312,0.723,11.963,0.0005426047648557766,0.001124,True
skill_csharp,Csharp,175,40.57,28.44,71,104,4455,11211,1.718,1.268,2.328,11.898,0.0005618081055160135,0.001124,True
skill_sales,Sales,404,36.14,28.37,146,258,4380,11057,1.429,1.163,1.755,11.255,0.0007941211981755249,0.001527,True
skill_nosql,Nosql,178,39.89,28.44,71,107,4455,11208,1.669,1.234,2.258,10.742,0.0010472003731477949,0.001939,True
skill_product_management,Product Management,179,39.66,28.44,71,108,4455,11207,1.654,1.223,2.236,10.374,0.001277780626483795,0.002282,True
skill_operations,Operations,220,19.09,28.7,42,178,4484,11137,0.586,0.418,0.822,9.36,0.0022175921047432167,0.003823,True
skill_consulting,Consulting,189,19.05,28.69,36,153,4490,11162,0.585,0.406,0.842,8.036,0.004586455739726778,0.007644,True
skill_financial_analysis,Financial Analysis,245,36.33,28.45,89,156,4437,11159,1.435,1.103,1.866,6.953,0.008370081755276232,0.0135,True
skill_jquery,Jquery,203,20.2,28.68,41,162,4485,11153,0.629,0.446,0.888,6.657,0.009877490481175562,0.015434,True
skill_hr,Hr,169,36.69,28.48,62,107,4464,11208,1.455,1.062,1.993,5.117,0.023686185559373664,0.035207,True
skill_html,Html,305,22.62,28.69,69,236,4457,11079,0.727,0.555,0.952,5.099,0.02394086531516443,0.035207,True
skill_budgeting,Budgeting,220,35.45,28.47,78,142,4448,11173,1.38,1.044,1.823,4.843,0.027761374786454265,0.039659,True
skill_marketing,Marketing,326,33.44,28.47,109,217,4417,11098,1.262,1.0,1.593,3.619,0.05711130839452139,0.079321,False
skill_excel,Excel,393,24.43,28.68,96,297,4430,11018,0.804,0.637,1.015,3.186,0.07427268485087075,0.100368,False
skill_javascript,Javascript,535,25.23,28.69,135,400,4391,10915,0.839,0.688,1.023,2.856,0.09104796362080005,0.11812,False
skill_analytics,Analytics,904,31.08,28.42,281,623,4245,10692,1.136,0.982,1.314,2.837,0.09213394185244135,0.11812,False
skill_market_research,Market Research,234,24.79,28.63,58,176,4468,11139,0.822,0.609,1.108,1.484,0.22308305658924502,0.278854,False
skill_data_analysis,Data Analysis,618,26.54,28.65,164,454,4362,10861,0.899,0.75,1.079,1.202,0.2728655352335856,0.332763,False
skill_accounting,Accounting,376,31.12,28.51,117,259,4409,11056,1.133,0.908,1.413,1.098,0.29459985554714563,0.350714,False
skill_linux,Linux,164,32.32,28.53,53,111,4473,11204,1.196,0.861,1.662,0.961,0.32685341420462355,0.380062,False
skill_business_development,Business Development,253,31.23,28.53,79,174,4447,11141,1.137,0.87,1.487,0.76,0.3833084801477702,0.435578,False
skill_css,Css,230,26.09,28.61,60,170,4466,11145,0.881,0.655,1.185,0.588,0.4432815115508588,0.492388,False
skill_business_analysis,Business Analysis,633,27.17,28.63,172,461,4354,10854,0.93,0.778,1.112,0.563,0.4529967373241466,0.492388,False
skill_sql,Sql,915,27.65,28.63,253,662,4273,10653,0.953,0.821,1.106,0.357,0.5500228960451252,0.585131,False
skill_auditing,Auditing,247,29.96,28.55,74,173,4452,11142,1.071,0.814,1.409,0.173,0.6776029967812174,0.705836,False
skill_mysql,Mysql,203,27.09,28.59,55,148,4471,11167,0.928,0.68,1.267,0.153,0.6958544856534497,0.710056,False
skill_business_intelligence,Business Intelligence,177,27.12,28.59,48,129,4478,11186,0.929,0.666,1.297,0.12,0.7288961810936726,0.728896,False
