research_question,primary_dataset,mapped_hypotheses,phase3_descriptive_evidence,phase4_inferential_test,test_statistic_and_p,hypothesis_decision,practical_interpretation
RQ1: Macro Role Demand & Title Structure,"DataScience Jobs (N=1,602)",H5 (Experience vs Salary) & H6 (Role family controls),Data Scientist comprises 76.5% of postings with wide salary dispersion (6L to 30L+); Lead/Director roles command upper tail.,Adjusted OLS regression controlling for job title; Multivariable logistic regression controlling for role family.,Title-adjusted OLS F=50.31 (p < 1e-100); Role family dummy Wald z tests in H6 model.,SUPPORTED (Structural role hierarchy persists after experience control),"Role title defines the baseline compensation intercept, but experience provides the steady marginal progression."
RQ2: Experience Elasticity & Wage Returns,DataScience Jobs & Analytics Jobs,H5: Experience-to-Compensation Elasticity,Strong monotonic upward climb in median salary from 0-2 yrs (6.5L) to 10+ yrs (25.0L).,"Pearson r with Fisher's z CI, Spearman rho, Bivariate OLS (raw and semi-log), HC3 robust SEs.","Pearson r = 0.593 [0.561, 0.624] (p = 5.65e-153); OLS slope = +1.98L/yr (p = 2.25e-135); Title-adjusted slope = +1.51L/yr.",SUPPORTED,Quantifies empirical wage elasticity: each year of verified experience yields ~1.98L INR unadjusted (1.51L INR title-adjusted) in advertised compensation.
RQ3: Geographic Hubs & Regional Wage Premiums,"Analytics Jobs (N=15,841)",H6: Geographic Independence Testing,Bengaluru and Gurgaon concentrate highest volume and highest proportion of >= 15L brackets; Chennai and Tier-2 show lower representation.,"Pearson Chi-square test (7x2 table), Standardized Haberman residuals, Regional Kruskal-Wallis H test.","Chi2 = 57.90 (df=6, p = 1.20e-10, V=0.060); Kruskal-Wallis H = 274.59 (p = 2.26e-56).",SUPPORTED,Confirms regional compensation bifurcation. Tier-2 and Chennai display significant negative residuals for premium salary brackets.
RQ4: Skill Co-occurrence & Premium Skill Bundles,"Analytics Jobs (N=15,841)",H6: Specialized Technical Skill Associations,"R, Machine Learning, SAS, and Spark co-occur heavily in high-bracket jobs, whereas Excel and basic SQL are universal baselines.","2x2 Contingency tables, Odds Ratios with Woolf 95% CIs, Benjamini-Hochberg FDR correction across top skills.",Skill R: OR=2.68 (q=9.4e-37); Skill ML: OR=2.23 (q=1.9e-23); Spark: OR=2.21 (q=2.5e-11); SAS: OR=2.02 (q=4.3e-18).,SUPPORTED,"Differentiates 'qualifying' skills (SQL, Excel) from 'premium' skills (R, ML, Spark, SAS) that double the odds of high compensation."
RQ5: Premium Salary Drivers (>= 15 Lakhs),"Analytics Jobs (N=15,841)",H6: Multivariable Logistic Regression,"High salary (28.6% of vacancies) is jointly driven by senior experience, Tier-1 location, and specialized skill flags.","Multivariable binary logistic regression on is_high_salary (controlling for experience, location, role, and skills; zero leakage).",Model Pseudo R2 = 0.273; Experience AOR=3.65 (p < 1e-100); Tier-2 discount AOR=0.69 (p=0.0035); R AOR=1.46 (p=5.4e-05); ML AOR=1.40 (p=1.8e-04).,SUPPORTED,"Experience is the primary driver, but specialized tools and geographic hub provide substantial independent odds multipliers."
RQ6: Junior Data Scientist Velocity Drivers,JDS Skill Traits (N=139),H1 (Two-group tests) & H2 (Multivariable logistic model),"High hike cohort has massive mean advantages in Storytelling (+1.03) and Maths (+0.88), but negligible difference in Big Data (+0.19).",Mann-Whitney U tests with FDR correction; Multivariable logistic regression with z-standardized skill predictors; VIF diagnostics.,"H1: Storytelling d=1.32 (q=5.5e-8), Maths d=1.22 (q=2.7e-7); H2: Maths AOR=4.65 (p=0.007), Storytelling AOR=3.54 (p=0.021).",H1: PARTIALLY SUPPORTED; H2: SUPPORTED,Refutes the assumption that all skills matter equally. Communication and modeling drive rapid promotion; big data engineering does not differentiate juniors.
RQ7: Senior Data Scientist Behavioral Profiles,SDS Personality Traits (N=161),H3 (Distribution differences) & H4 (Multivariable directional associations),Huge separation in Conscientiousness (+17.95) and Openness (+15.18); zero difference in Neuroticism (-0.13).,Mann-Whitney U tests with FDR correction; Multivariable logistic regression; Sensitivity testing on deduplicated N=152 cohort.,"H3: Conscientiousness d=1.85 (q=1.2e-23), Openness d=1.80 (q=1.3e-22); H4: Conscientiousness AOR=26.79 (p=0.0003), Openness AOR=20.97 (p=0.0017).",H3: SUPPORTED; H4: PARTIALLY SUPPORTED,Consulting success demands intense rigor (Conscientiousness) and intellectual agility (Openness). Neuroticism does not impede success.
RQ8: Modeling Readiness & Data Integrity,All 4 Processed Datasets,Cross-cutting Assumption Checks & Multicollinearity Diagnostics,JDS ceiling effects in Coding/ML; SDS duplicate subject IDs (9 IDs); Analytics Jobs zero target leakage requirement.,"Shapiro-Wilk normality tests, Skewness/Kurtosis, Ceiling percentage, VIF calculations across all models, Sensitivity regressions.",Shapiro p < 1e-5 on all skill traits; VIF < 2.3 on all JDS/SDS predictors; Sensitivity checks confirm 100% conclusion stability.,CONFIRMED (Strict inferential validity established),Confirms readiness for Phase 5 & 6 supervised modeling while establishing that non-parametric methods and regularized models are mandatory.
RQ9: Synthesis & Career Progression Framework,All 4 Processed Datasets (Conceptual synthesis),Synthesis across H1–H6 decisions,Ecosystem transition: Junior velocity requires modeling + translation; Senior success requires execution discipline + client openness; Market rewards experience + tools.,Consolidated Hypothesis Decision Matrix and Effect Size comparison across all 6 pre-registered hypotheses.,Full convergence of statistical decisions across market and psychological datasets.,VALIDATED (Comprehensive Evidence Base),Provides the empirical foundation for the Phase 8 Career-Readiness Framework: technical execution at entry -> business translation -> client consulting leadership.
