skill_code,skill_name,odds_ratio,ci_lower,ci_upper,raw_p_value,fdr_adjusted_p,significant_after_fdr,hypothesis,test_family
skill_r,R,2.677,2.287,3.132,9.376484832013346e-37,0.0,True,H6,Analytics Jobs Skill-Premium Contingency Family
skill_outsourcing,Outsourcing,0.041,0.018,0.092,5.790009404247717e-30,0.0,True,H6,Analytics Jobs Skill-Premium Contingency Family
skill_machine_learning,Machine Learning,2.232,1.9,2.621,1.8977395546645877e-23,0.0,True,H6,Analytics Jobs Skill-Premium Contingency Family
skill_business_process,Business Process,0.11,0.061,0.196,2.0720751842858432e-19,0.0,True,H6,Analytics Jobs Skill-Premium Contingency Family
skill_seo,Seo,0.292,0.219,0.389,7.440366280145504e-19,0.0,True,H6,Analytics Jobs Skill-Premium Contingency Family
skill_data_science,Data Science,2.809,2.207,3.574,3.6211941505135994e-18,0.0,True,H6,Analytics Jobs Skill-Premium Contingency Family
skill_sas,Sas,2.016,1.717,2.368,4.276181586977207e-18,0.0,True,H6,Analytics Jobs Skill-Premium Contingency Family
skill_data_analytics,Data Analytics,2.168,1.78,2.639,5.199323828944882e-15,0.0,True,H6,Analytics Jobs Skill-Premium Contingency Family
skill_digital_marketing,Digital Marketing,0.395,0.311,0.502,6.700593949742756e-15,0.0,True,H6,Analytics Jobs Skill-Premium Contingency Family
skill_analytical,Analytical,0.143,0.078,0.264,6.490129634426588e-13,0.0,True,H6,Analytics Jobs Skill-Premium Contingency Family
skill_spark,Spark,2.206,1.743,2.793,2.4782743409402566e-11,0.0,True,H6,Analytics Jobs Skill-Premium Contingency Family
skill_java,Java,1.587,1.361,1.851,3.7857771739818636e-09,0.0,True,H6,Analytics Jobs Skill-Premium Contingency Family
skill_cpp,Cpp,2.031,1.562,2.642,1.0664013778916891e-07,0.0,True,H6,Analytics Jobs Skill-Premium Contingency Family
skill_sem,Sem,0.368,0.247,0.549,4.727297139829866e-07,2e-06,True,H6,Analytics Jobs Skill-Premium Contingency Family
skill_banking,Banking,2.135,1.573,2.897,9.914972422256893e-07,3e-06,True,H6,Analytics Jobs Skill-Premium Contingency Family
skill_google_analytics,Google Analytics,0.428,0.295,0.62,5.539424257077227e-06,1.7e-05,True,H6,Analytics Jobs Skill-Premium Contingency Family
skill_finance,Finance,1.405,1.206,1.637,1.482529096586359e-05,4.4e-05,True,H6,Analytics Jobs Skill-Premium Contingency Family
skill_data_mining,Data Mining,1.777,1.36,2.323,2.7461768905172805e-05,7.6e-05,True,H6,Analytics Jobs Skill-Premium Contingency Family
skill_hive,Hive,1.804,1.358,2.396,5.1364678533216625e-05,0.000135,True,H6,Analytics Jobs Skill-Premium Contingency Family
skill_big_data,Big Data,1.65,1.286,2.118,9.493879188746884e-05,0.000237,True,H6,Analytics Jobs Skill-Premium Contingency Family
skill_python,Python,1.325,1.144,1.535,0.00019295744186487892,0.000459,True,H6,Analytics Jobs Skill-Premium Contingency Family
skill_project_management,Project Management,1.413,1.174,1.701,0.0002884065098770724,0.000655,True,H6,Analytics Jobs Skill-Premium Contingency Family
skill_hadoop,Hadoop,1.546,1.221,1.957,0.0003368476103497614,0.000732,True,H6,Analytics Jobs Skill-Premium Contingency Family
skill_recruitment,Recruitment,0.475,0.312,0.723,0.0005426047648557766,0.001124,True,H6,Analytics Jobs Skill-Premium Contingency Family
skill_csharp,Csharp,1.718,1.268,2.328,0.0005618081055160135,0.001124,True,H6,Analytics Jobs Skill-Premium Contingency Family
skill_sales,Sales,1.429,1.163,1.755,0.0007941211981755249,0.001527,True,H6,Analytics Jobs Skill-Premium Contingency Family
skill_nosql,Nosql,1.669,1.234,2.258,0.0010472003731477949,0.001939,True,H6,Analytics Jobs Skill-Premium Contingency Family
skill_product_management,Product Management,1.654,1.223,2.236,0.001277780626483795,0.002282,True,H6,Analytics Jobs Skill-Premium Contingency Family
skill_operations,Operations,0.586,0.418,0.822,0.0022175921047432167,0.003823,True,H6,Analytics Jobs Skill-Premium Contingency Family
skill_consulting,Consulting,0.585,0.406,0.842,0.004586455739726778,0.007644,True,H6,Analytics Jobs Skill-Premium Contingency Family
skill_financial_analysis,Financial Analysis,1.435,1.103,1.866,0.008370081755276232,0.0135,True,H6,Analytics Jobs Skill-Premium Contingency Family
skill_jquery,Jquery,0.629,0.446,0.888,0.009877490481175562,0.015434,True,H6,Analytics Jobs Skill-Premium Contingency Family
skill_hr,Hr,1.455,1.062,1.993,0.023686185559373664,0.035207,True,H6,Analytics Jobs Skill-Premium Contingency Family
skill_html,Html,0.727,0.555,0.952,0.02394086531516443,0.035207,True,H6,Analytics Jobs Skill-Premium Contingency Family
skill_budgeting,Budgeting,1.38,1.044,1.823,0.027761374786454265,0.039659,True,H6,Analytics Jobs Skill-Premium Contingency Family
skill_marketing,Marketing,1.262,1.0,1.593,0.05711130839452139,0.079321,False,H6,Analytics Jobs Skill-Premium Contingency Family
skill_excel,Excel,0.804,0.637,1.015,0.07427268485087075,0.100368,False,H6,Analytics Jobs Skill-Premium Contingency Family
skill_javascript,Javascript,0.839,0.688,1.023,0.09104796362080005,0.11812,False,H6,Analytics Jobs Skill-Premium Contingency Family
skill_analytics,Analytics,1.136,0.982,1.314,0.09213394185244135,0.11812,False,H6,Analytics Jobs Skill-Premium Contingency Family
skill_market_research,Market Research,0.822,0.609,1.108,0.22308305658924502,0.278854,False,H6,Analytics Jobs Skill-Premium Contingency Family
skill_data_analysis,Data Analysis,0.899,0.75,1.079,0.2728655352335856,0.332763,False,H6,Analytics Jobs Skill-Premium Contingency Family
skill_accounting,Accounting,1.133,0.908,1.413,0.29459985554714563,0.350714,False,H6,Analytics Jobs Skill-Premium Contingency Family
skill_linux,Linux,1.196,0.861,1.662,0.32685341420462355,0.380062,False,H6,Analytics Jobs Skill-Premium Contingency Family
skill_business_development,Business Development,1.137,0.87,1.487,0.3833084801477702,0.435578,False,H6,Analytics Jobs Skill-Premium Contingency Family
skill_css,Css,0.881,0.655,1.185,0.4432815115508588,0.492388,False,H6,Analytics Jobs Skill-Premium Contingency Family
skill_business_analysis,Business Analysis,0.93,0.778,1.112,0.4529967373241466,0.492388,False,H6,Analytics Jobs Skill-Premium Contingency Family
skill_sql,Sql,0.953,0.821,1.106,0.5500228960451252,0.585131,False,H6,Analytics Jobs Skill-Premium Contingency Family
skill_auditing,Auditing,1.071,0.814,1.409,0.6776029967812174,0.705836,False,H6,Analytics Jobs Skill-Premium Contingency Family
skill_mysql,Mysql,0.928,0.68,1.267,0.6958544856534497,0.710056,False,H6,Analytics Jobs Skill-Premium Contingency Family
skill_business_intelligence,Business Intelligence,0.929,0.666,1.297,0.7288961810936726,0.728896,False,H6,Analytics Jobs Skill-Premium Contingency Family
