dataset,variable,class_group,n,mean,median,std,skewness,kurtosis,shapiro_stat,shapiro_p,normality_violated,ceiling_pct,recommended_method
JDS Skill Traits,big_data_skills,Overall (N=139),139,3.85,3.8,0.847,-0.08,-1.215,0.9307,2e-06,True,17.99,Non-parametric (Mann-Whitney U / Kruskal-Wallis / Spearman)
JDS Skill Traits,big_data_skills,High Hike (n=73),73,3.94,3.8,0.713,0.048,-1.061,0.946,0.003554,True,15.07,Non-parametric (Mann-Whitney U / Kruskal-Wallis / Spearman)
JDS Skill Traits,big_data_skills,Low Hike (n=66),66,3.75,3.75,0.969,0.008,-1.507,0.8881,2.3e-05,True,21.21,Non-parametric (Mann-Whitney U / Kruskal-Wallis / Spearman)
JDS Skill Traits,maths_stats_skills,Overall (N=139),139,4.294,4.6,0.844,-0.962,-0.323,0.8081,0.0,True,41.01,Non-parametric (Mann-Whitney U / Kruskal-Wallis / Spearman)
JDS Skill Traits,maths_stats_skills,High Hike (n=73),73,4.712,5.0,0.427,-1.203,-0.044,0.7038,0.0,True,57.53,Non-parametric (Mann-Whitney U / Kruskal-Wallis / Spearman)
JDS Skill Traits,maths_stats_skills,Low Hike (n=66),66,3.83,3.8,0.946,-0.133,-1.386,0.901,6.8e-05,True,22.73,Non-parametric (Mann-Whitney U / Kruskal-Wallis / Spearman)
JDS Skill Traits,coding_skills,Overall (N=139),139,4.268,4.6,0.893,-0.88,-0.694,0.7881,0.0,True,44.6,Non-parametric (Mann-Whitney U / Kruskal-Wallis / Spearman)
JDS Skill Traits,coding_skills,High Hike (n=73),73,4.644,5.0,0.658,-2.12,3.743,0.6146,0.0,True,61.64,Non-parametric (Mann-Whitney U / Kruskal-Wallis / Spearman)
JDS Skill Traits,coding_skills,Low Hike (n=66),66,3.853,3.9,0.938,-0.112,-1.444,0.8899,2.6e-05,True,25.76,Non-parametric (Mann-Whitney U / Kruskal-Wallis / Spearman)
JDS Skill Traits,ai_and_ml_skills,Overall (N=139),139,4.566,4.9,0.667,-1.686,1.881,0.7004,0.0,True,48.92,Non-parametric (Mann-Whitney U / Kruskal-Wallis / Spearman)
JDS Skill Traits,ai_and_ml_skills,High Hike (n=73),73,4.822,5.0,0.319,-3.065,12.984,0.6095,0.0,True,60.27,Non-parametric (Mann-Whitney U / Kruskal-Wallis / Spearman)
JDS Skill Traits,ai_and_ml_skills,Low Hike (n=66),66,4.283,4.6,0.823,-0.827,-0.63,0.8216,0.0,True,36.36,Non-parametric (Mann-Whitney U / Kruskal-Wallis / Spearman)
JDS Skill Traits,dashboard_and_storytelling_skills,Overall (N=139),139,4.355,5.0,0.933,-1.067,-0.505,0.7012,0.0,True,58.27,Non-parametric (Mann-Whitney U / Kruskal-Wallis / Spearman)
JDS Skill Traits,dashboard_and_storytelling_skills,High Hike (n=73),73,4.845,5.0,0.49,-3.993,16.12,0.3607,0.0,True,83.56,Non-parametric (Mann-Whitney U / Kruskal-Wallis / Spearman)
JDS Skill Traits,dashboard_and_storytelling_skills,Low Hike (n=66),66,3.814,3.85,1.007,-0.028,-1.611,0.8547,2e-06,True,30.3,Non-parametric (Mann-Whitney U / Kruskal-Wallis / Spearman)
SDS Personality Traits,neuroticism,Overall (N=161),161,36.193,34.0,11.268,0.715,0.055,0.9556,5.3e-05,True,0.62,Non-parametric (Mann-Whitney U / Kruskal-Wallis / Spearman)
SDS Personality Traits,neuroticism,High Success (n=85),85,36.129,35.0,9.272,0.565,0.107,0.9737,0.079143,False,0.0,Parametric (Student's t-test / ANOVA / Pearson)
SDS Personality Traits,neuroticism,Low Success (n=76),76,36.263,33.0,13.212,0.722,-0.385,0.93,0.00042,True,1.32,Non-parametric (Mann-Whitney U / Kruskal-Wallis / Spearman)
SDS Personality Traits,extraversion,Overall (N=161),161,43.205,45.0,12.135,-0.315,-0.754,0.9715,0.002072,True,0.0,Non-parametric (Mann-Whitney U / Kruskal-Wallis / Spearman)
SDS Personality Traits,extraversion,High Success (n=85),85,48.859,50.0,7.469,-0.287,-0.513,0.9792,0.184794,False,0.0,Parametric (Student's t-test / ANOVA / Pearson)
SDS Personality Traits,extraversion,Low Success (n=76),76,36.882,34.0,13.225,0.543,-0.598,0.9463,0.002921,True,0.0,Non-parametric (Mann-Whitney U / Kruskal-Wallis / Spearman)
SDS Personality Traits,openness_to_experience,Overall (N=161),161,41.329,44.0,11.322,-0.377,-0.717,0.9564,6.3e-05,True,0.0,Non-parametric (Mann-Whitney U / Kruskal-Wallis / Spearman)
SDS Personality Traits,openness_to_experience,High Success (n=85),85,48.494,48.0,5.683,0.532,-0.165,0.9691,0.038894,True,0.0,Non-parametric (Mann-Whitney U / Kruskal-Wallis / Spearman)
SDS Personality Traits,openness_to_experience,Low Success (n=76),76,33.316,31.0,10.68,0.658,-0.162,0.9476,0.003425,True,0.0,Non-parametric (Mann-Whitney U / Kruskal-Wallis / Spearman)
SDS Personality Traits,agreeableness,Overall (N=161),161,44.602,46.0,11.293,-0.437,-0.218,0.9656,0.000488,True,0.62,Non-parametric (Mann-Whitney U / Kruskal-Wallis / Spearman)
SDS Personality Traits,agreeableness,High Success (n=85),85,47.718,48.0,4.954,0.278,-0.078,0.9798,0.202399,False,0.0,Parametric (Student's t-test / ANOVA / Pearson)
SDS Personality Traits,agreeableness,Low Success (n=76),76,41.118,39.5,14.876,0.21,-1.239,0.9379,0.001048,True,1.32,Non-parametric (Mann-Whitney U / Kruskal-Wallis / Spearman)
SDS Personality Traits,conscientiousness,Overall (N=161),161,45.211,49.0,13.212,-0.529,-0.962,0.9207,0.0,True,0.0,Non-parametric (Mann-Whitney U / Kruskal-Wallis / Spearman)
SDS Personality Traits,conscientiousness,High Success (n=85),85,53.682,54.0,6.103,-0.396,-0.065,0.9796,0.197288,False,0.0,Parametric (Student's t-test / ANOVA / Pearson)
SDS Personality Traits,conscientiousness,Low Success (n=76),76,35.737,33.5,12.585,0.565,-0.751,0.923,0.000196,True,0.0,Non-parametric (Mann-Whitney U / Kruskal-Wallis / Spearman)
DataScience Jobs,min_salary_lakh,"Overall (N=1,602)",1602,8.634,7.0,5.797,1.55,4.072,0.8811,0.0,True,0.06,Non-parametric (Mann-Whitney U / Kruskal-Wallis / Spearman)
DataScience Jobs,avg_salary_lakh,"Overall (N=1,602)",1602,13.235,11.9,7.841,1.734,7.398,0.8955,0.0,True,0.06,Non-parametric (Mann-Whitney U / Kruskal-Wallis / Spearman)
DataScience Jobs,max_salary_lakh,"Overall (N=1,602)",1602,19.143,18.0,11.15,2.402,12.697,0.8454,0.0,True,0.06,Non-parametric (Mann-Whitney U / Kruskal-Wallis / Spearman)
DataScience Jobs,min_experience,"Overall (N=1,602)",1602,2.799,2.0,2.354,1.763,5.583,0.8554,0.0,True,0.06,Non-parametric (Mann-Whitney U / Kruskal-Wallis / Spearman)
DataScience Jobs,num_of_jobs,"Overall (N=1,602)",1602,58.056,22.0,169.042,12.786,250.281,0.2588,0.0,True,0.06,Non-parametric (Mann-Whitney U / Kruskal-Wallis / Spearman)
Analytics Jobs,midpoint_experience,"Overall (N=15,841)",15841,6.191,5.5,3.732,1.012,1.108,0.934,0.0,True,0.01,Non-parametric (Mann-Whitney U / Kruskal-Wallis / Spearman)
