table_name,phase_directory,row_count,column_count,file_size_bytes
phase3_company_demand.csv,phase3,25,8,1234
phase3_correlation_summary.csv,phase3,30,5,2149
phase3_descriptive_summary.csv,phase3,25,13,2427
phase3_diagnostic_summary.csv,phase3,12,5,2546
phase3_experience_summary.csv,phase3,2,11,244
phase3_jds_summary.csv,phase3,5,14,631
phase3_location_summary.csv,phase3,7,9,533
phase3_role_demand.csv,phase3,10,10,813
phase3_rq_figure_map.csv,phase3,9,6,3581
phase3_salary_summary.csv,phase3,14,10,1130
phase3_sds_summary.csv,phase3,5,14,671
phase3_skill_frequency.csv,phase3,50,6,2834
phase3_skill_salary_comparison.csv,phase3,30,7,1651
phase4_assumption_diagnostics.csv,phase4,36,14,6295
phase4_effect_size_matrix.csv,phase4,26,8,3188
phase4_h1_fdr_results.csv,phase4,5,9,630
phase4_h1_jds_group_tests.csv,phase4,5,23,1270
phase4_h1_sensitivity.csv,phase4,5,16,1074
phase4_h2_jds_logistic.csv,phase4,6,11,743
phase4_h2_sensitivity.csv,phase4,6,13,986
phase4_h2_vif.csv,phase4,5,4,385
phase4_h3_fdr_results.csv,phase4,5,9,639
phase4_h3_sds_group_tests.csv,phase4,5,23,1318
phase4_h3_sensitivity.csv,phase4,5,14,937
phase4_h4_sds_logistic.csv,phase4,6,11,726
phase4_h4_sensitivity.csv,phase4,6,13,982
phase4_h4_vif.csv,phase4,5,4,367
phase4_h5_adjusted_models.csv,phase4,3,13,679
phase4_h5_correlation_tests.csv,phase4,5,10,783
phase4_h5_regression.csv,phase4,4,15,918
phase4_h6_fdr_results.csv,phase4,50,10,6575
phase4_h6_geography_chisquare.csv,phase4,7,10,675
phase4_h6_geography_posthoc.csv,phase4,21,11,1922
phase4_h6_logistic.csv,phase4,21,11,2651
phase4_h6_skill_associations.csv,phase4,50,16,6178
phase4_hypothesis_summary.csv,phase4,6,11,7020
phase4_multiple_testing_summary.csv,phase4,4,7,438
phase4_rq_hypothesis_traceability.csv,phase4,9,8,6067
phase4_sensitivity_summary.csv,phase4,4,8,1048
phase5_baseline_metrics.csv,phase5,1,10,418
phase5_cv_configuration.csv,phase5,1,10,400
phase5_cv_fold_results.csv,phase5,175,15,16547
phase5_dataset_summary.csv,phase5,2,12,580
phase5_error_analysis.csv,phase5,4,10,416
phase5_feature_importance_stability.csv,phase5,5,9,444
phase5_final_model_selection.csv,phase5,1,12,917
phase5_full_vs_reduced_features.csv,phase5,3,13,818
phase5_logistic_coefficients.csv,phase5,5,6,435
phase5_logistic_odds_ratios.csv,phase5,5,6,435
phase5_logistic_stability.csv,phase5,5,12,650
phase5_model_comparison.csv,phase5,7,16,1365
phase5_model_configuration.csv,phase5,7,7,1849
phase5_model_performance.csv,phase5,7,18,1181
phase5_oof_predictions.csv,phase5,4865,9,221407
phase5_phase4_traceability.csv,phase5,6,6,2327
phase5_reproducibility_audit.csv,phase5,10,3,862
phase5_rf_permutation_importance.csv,phase5,5,9,535
phase5_sensitivity_coefficients.csv,phase5,5,12,697
phase5_sensitivity_feature_importance.csv,phase5,5,9,572
phase5_sensitivity_model_performance.csv,phase5,7,12,983
phase5_tree_complexity.csv,phase5,1,9,239
phase5_tree_rules.csv,phase5,6,7,780
phase5_validation_summary.csv,phase5,19,3,1825
phase6_baseline_metrics.csv,phase6,1,18,377
phase6_cv_configuration.csv,phase6,7,2,475
phase6_cv_fold_results.csv,phase6,175,15,16007
phase6_dataset_summary.csv,phase6,2,9,352
phase6_error_analysis.csv,phase6,6,4,422
phase6_feature_importance_stability.csv,phase6,5,8,341
phase6_final_model_selection.csv,phase6,1,11,780
phase6_logistic_coefficients.csv,phase6,6,6,364
phase6_logistic_odds_ratios.csv,phase6,5,7,396
phase6_logistic_stability.csv,phase6,5,7,442
phase6_model_comparison.csv,phase6,7,10,790
phase6_model_configuration.csv,phase6,7,4,928
phase6_model_performance.csv,phase6,7,18,1160
phase6_oof_predictions.csv,phase6,5635,8,239196
phase6_phase4_traceability.csv,phase6,5,7,1140
phase6_reproducibility_audit.csv,phase6,6,2,354
phase6_rf_permutation_importance.csv,phase6,5,6,330
phase6_sensitivity_coefficients.csv,phase6,5,8,460
phase6_sensitivity_feature_importance.csv,phase6,5,5,297
phase6_sensitivity_model_performance.csv,phase6,7,14,1212
phase6_tree_complexity.csv,phase6,1,8,167
phase6_tree_rules.csv,phase6,4,8,499
phase6_validation_summary.csv,phase6,8,4,435
phase7_career_stage_matrix.csv,phase7,4,6,1825
phase7_evidence_matrix.csv,phase7,4,7,2953
phase7_evidence_strength.csv,phase7,5,5,1883
phase7_gap_analysis.csv,phase7,5,6,2631
phase7_market_skill_matrix.csv,phase7,7,9,2304
phase7_phase6_phase5_traceability.csv,phase7,10,3,1190
phase7_recommendation_evidence.csv,phase7,6,3,1309
phase7_rq_synthesis.csv,phase7,9,3,1607
phase7_skill_progression_map.csv,phase7,5,5,1256
phase8_career_stage_framework.csv,phase8,4,8,2449
phase8_competency_priorities.csv,phase8,6,5,1446
phase8_employer_blueprint.csv,phase8,7,2,1210
phase8_evidence_to_action.csv,phase8,5,6,1216
phase8_four_quadrant_matrix.csv,phase8,4,8,2369
phase8_framework_traceability.csv,phase8,8,4,1140
phase8_mentor_blueprint.csv,phase8,7,2,1277
phase8_student_blueprint.csv,phase8,7,2,1144
phase8_success_indicators.csv,phase8,7,5,977
phase8_university_blueprint.csv,phase8,7,2,1224
final_artifact_index.csv,final,11,6,1445
final_claim_audit.csv,final,5,8,1614
final_evidence_to_recommendation.csv,final,6,4,1337
final_figure_index.csv,final,48,6,11681
final_hypothesis_traceability.csv,final,6,6,2010
final_model_index.csv,final,6,11,1541
final_rq_traceability.csv,final,9,5,2545
final_table_index.csv,final,113,5,5257
