rq_id,research_question,evidence_source,analytical_phase,key_finding
RQ1,Which Data Science job roles and companies show highest demand?,"DataScience Jobs (N=1,602)",Phase 3 (EDA) & Phase 4 (Inference),"Data Scientist (35.2%), ML Engineer (21.4%), Data Analyst (15.8%) comprise 72.4% of requisitions across 642 hiring organizations."
RQ2,How does required experience relate to advertised salary?,"DataScience Jobs (N=1,602) & Analytics Jobs (N=15,841)",Phase 3 (EDA) & Phase 4 (H5 OLS Regression),"Linear elasticity beta = 1.98L per year (R2 = 0.352, p < 1e-134); salary spread expands sharply above 5 years experience."
RQ3,Which locations demonstrate greatest analytics job demand?,"Analytics Jobs (N=15,841)",Phase 3 (EDA) & Phase 4 (H6 Chi-Square),"Tri-metro concentration: Bengaluru (43.8%), NCR (14.2%), Mumbai (10.5%); NCR and Mumbai command positive Haberman residuals (+3.54, +2.67)."
RQ4,Which technical skills appear most frequently in Analytics postings?,"Analytics Jobs (N=15,841)",Phase 3 (EDA) & Phase 4 (H6),"SQL (48.2%) and Python (39.5%) are baseline table stakes; ML (21.6%), Big Data (19.2%), R (16.5%), SAS (15.2%) form specialized clusters."
RQ5,Which skills are associated with higher observed salary levels?,"Analytics Jobs (N=15,841)",Phase 4 (H6 Multivariable Logistic),"Spark (AOR=1.59), ML (AOR=1.58), R (AOR=1.56), and SAS (AOR=1.47) command significant premia; SQL and Python do not (AOR ~1.0)."
RQ6,Which technical skill dimensions associate with junior salary hikes?,JDS Cohort (N=139),"Phase 4 (H1, H2) & Phase 5 (Modeling)","Storytelling (AOR=3.23, Rank #1) and Maths/Stats (AOR=3.65, Rank #2) dominate; Big Data contributes negligible signal (p=0.217, Rank #5)."
RQ7,Which personality dimensions associate with senior consulting success?,SDS Cohort (N=161),"Phase 4 (H3, H4) & Phase 6 (Modeling)","Openness (AOR=7.72, Rank #1) and Conscientiousness (AOR=8.11, Rank #2) predict success with 92.7% accuracy; Neuroticism has near-zero predictive value."
RQ8,Can interpretable classifiers predict junior salary hikes and senior success?,JDS (N=139) & SDS (N=161),Phases 5 & 6 (Supervised ML),Ridge Logistic Regression achieves ROC-AUC = 0.9035 (JDS) and 0.9699 (SDS) under 25-split CV; parsimonious linear models match or exceed ensembles.
RQ9,How can multi-lens evidence be synthesized into a career framework?,All 4 Datasets Integrated,Phase 7 (Synthesis) & Phase 8 (Framework),"Triangulated into a 4-Quadrant Talent Matrix, 4-Stage Progression Roadmap, and Four Stakeholder Blueprints without row-level joins."
