figure_number,figure_name,phase,path_png,path_svg,description
Figure 01,fig01_missingness_matrix,Phase 3 (EDA),outputs/figures/phase3/fig01_missingness_matrix.png,outputs/figures/phase3/fig01_missingness_matrix.svg,Missingness profile across the four datasets
Figure 02,fig02_id_multiplicity_diagnostic,Phase 3 (EDA),outputs/figures/phase3/fig02_id_multiplicity_diagnostic.png,outputs/figures/phase3/fig02_id_multiplicity_diagnostic.svg,Identifier multiplicity and duplicate audit diagnostic
Figure 03,fig03_role_demand_volume,Phase 3 (EDA),outputs/figures/phase3/fig03_role_demand_volume.png,outputs/figures/phase3/fig03_role_demand_volume.svg,Role demand volume and distribution in Data Science postings
Figure 04,fig04_employer_hiring_concentration,Phase 3 (EDA),outputs/figures/phase3/fig04_employer_hiring_concentration.png,outputs/figures/phase3/fig04_employer_hiring_concentration.svg,Employer requisition concentration across hiring organizations
Figure 05,fig05_role_compensation_envelopes,Phase 3 (EDA),outputs/figures/phase3/fig05_role_compensation_envelopes.png,outputs/figures/phase3/fig05_role_compensation_envelopes.svg,Compensation envelopes across standardized job roles
Figure 06,fig06_compensation_dispersion,Phase 3 (EDA),outputs/figures/phase3/fig06_compensation_dispersion.png,outputs/figures/phase3/fig06_compensation_dispersion.svg,Salary dispersion and IQR spread expansion
Figure 07,fig07_experience_salary_curve,Phase 3 (EDA),outputs/figures/phase3/fig07_experience_salary_curve.png,outputs/figures/phase3/fig07_experience_salary_curve.svg,Scatter and trend of required experience versus average salary
Figure 08,fig08_career_experience_tiers,Phase 3 (EDA),outputs/figures/phase3/fig08_career_experience_tiers.png,outputs/figures/phase3/fig08_career_experience_tiers.svg,Salary distributions partitioned across career experience tiers
Figure 09,fig09_top_skills_demand,Phase 3 (EDA),outputs/figures/phase3/fig09_top_skills_demand.png,outputs/figures/phase3/fig09_top_skills_demand.svg,Top 50 technical skill frequencies in Analytics postings
Figure 10,fig10_geographic_salary_alignment,Phase 3 (EDA),outputs/figures/phase3/fig10_geographic_salary_alignment.png,outputs/figures/phase3/fig10_geographic_salary_alignment.svg,Comparative salary distributions across geographic metro clusters
Figure 11,fig11_skill_cooccurrence_matrix,Phase 3 (EDA),outputs/figures/phase3/fig11_skill_cooccurrence_matrix.png,outputs/figures/phase3/fig11_skill_cooccurrence_matrix.svg,Technical skill co-occurrence network matrix
Figure 12,fig12_jds_competency_profiles,Phase 3 (EDA),outputs/figures/phase3/fig12_jds_competency_profiles.png,outputs/figures/phase3/fig12_jds_competency_profiles.svg,Distributions of 5 technical skill dimensions in JDS cohort
Figure 13,fig13_jds_hike_differentiation,Phase 3 (EDA),outputs/figures/phase3/fig13_jds_hike_differentiation.png,outputs/figures/phase3/fig13_jds_hike_differentiation.svg,Violin plots comparing skill ratings across salary hike classes
Figure 14,fig14_sds_personality_profiles,Phase 3 (EDA),outputs/figures/phase3/fig14_sds_personality_profiles.png,outputs/figures/phase3/fig14_sds_personality_profiles.svg,Distributions of Big Five personality dimensions in SDS cohort
Figure 15,fig15_sds_trait_correlation_matrix,Phase 3 (EDA),outputs/figures/phase3/fig15_sds_trait_correlation_matrix.png,outputs/figures/phase3/fig15_sds_trait_correlation_matrix.svg,Correlation matrix among Big Five personality traits in SDS cohort
Figure 16,fig16_h1_jds_skill_effects,Phase 4 (Inference),outputs/figures/phase4/fig16_h1_jds_skill_effects.png,outputs/figures/phase4/fig16_h1_jds_skill_effects.svg,Forest plot of JDS skill effect sizes (Cohen's d with FDR annotations)
Figure 17,fig17_h2_jds_adjusted_odds_ratios,Phase 4 (Inference),outputs/figures/phase4/fig17_h2_jds_adjusted_odds_ratios.png,outputs/figures/phase4/fig17_h2_jds_adjusted_odds_ratios.svg,Forest plot of multivariable standardized adjusted odds ratios for JDS
Figure 18,fig18_h3_sds_personality_effects,Phase 4 (Inference),outputs/figures/phase4/fig18_h3_sds_personality_effects.png,outputs/figures/phase4/fig18_h3_sds_personality_effects.svg,Forest plot of SDS Big Five trait differences (Cohen's d with 95% CIs)
Figure 19,fig19_h4_sds_adjusted_odds_ratios,Phase 4 (Inference),outputs/figures/phase4/fig19_h4_sds_adjusted_odds_ratios.png,outputs/figures/phase4/fig19_h4_sds_adjusted_odds_ratios.svg,Comparative forest plot of SDS multivariable odds ratios (Primary vs Deduplicated)
Figure 20,fig20_h5_experience_salary_regressions,Phase 4 (Inference),outputs/figures/phase4/fig20_h5_experience_salary_regressions.png,outputs/figures/phase4/fig20_h5_experience_salary_regressions.svg,Linear and semi-log regression models of experience on advertised salary
Figure 21,fig21_h6_geography_premium_association,Phase 4 (Inference),outputs/figures/phase4/fig21_h6_geography_premium_association.png,outputs/figures/phase4/fig21_h6_geography_premium_association.svg,Regional high-salary proportions and Haberman standardized residuals
Figure 22,fig22_h6_skill_odds_ratios,Phase 4 (Inference),outputs/figures/phase4/fig22_h6_skill_odds_ratios.png,outputs/figures/phase4/fig22_h6_skill_odds_ratios.svg,Forest plot of specialized vs foundational skill odds ratios for premium salary
Figure 23,fig23_model_roc_curves,Phase 5 (JDS ML),outputs/figures/phase5/fig23_model_roc_curves.png,outputs/figures/phase5/fig23_model_roc_curves.svg,Mean out-of-sample ROC curves across 25 splits for JDS candidate models
Figure 24,fig24_model_performance_comparison,Phase 5 (JDS ML),outputs/figures/phase5/fig24_model_performance_comparison.png,outputs/figures/phase5/fig24_model_performance_comparison.svg,"Comparative bar plot of ROC-AUC, Macro F1, and Balanced Accuracy for JDS"
Figure 25,fig25_logistic_odds_ratios,Phase 5 (JDS ML),outputs/figures/phase5/fig25_logistic_odds_ratios.png,outputs/figures/phase5/fig25_logistic_odds_ratios.svg,Standardized odds ratios with 95% Wald CIs for JDS Champion Logistic L2
Figure 26,fig26_tree_decision_rules,Phase 5 (JDS ML),outputs/figures/phase5/fig26_tree_decision_rules.png,outputs/figures/phase5/fig26_tree_decision_rules.svg,CART decision tree diagram depicting leaf sample sizes and hike probabilities
Figure 27,fig27_permutation_feature_importance,Phase 5 (JDS ML),outputs/figures/phase5/fig27_permutation_feature_importance.png,outputs/figures/phase5/fig27_permutation_feature_importance.svg,Out-of-sample permutation feature importance for JDS held-out folds
Figure 28,fig28_feature_importance_stability,Phase 5 (JDS ML),outputs/figures/phase5/fig28_feature_importance_stability.png,outputs/figures/phase5/fig28_feature_importance_stability.svg,Heatmap of feature rank stability across all 25 cross-validation splits
Figure 29,fig29_baseline_vs_models,Phase 5 (JDS ML),outputs/figures/phase5/fig29_baseline_vs_models.png,outputs/figures/phase5/fig29_baseline_vs_models.svg,Paired comparison illustrating predictive lift over naive majority baseline
Figure 30,fig30_sensitivity_model_comparison,Phase 5 (JDS ML),outputs/figures/phase5/fig30_sensitivity_model_comparison.png,outputs/figures/phase5/fig30_sensitivity_model_comparison.svg,Side-by-side performance comparison between Primary N=139 and Sensitivity N=137
Figure 31,fig31_confusion_matrix_best_model,Phase 5 (JDS ML),outputs/figures/phase5/fig31_confusion_matrix_best_model.png,outputs/figures/phase5/fig31_confusion_matrix_best_model.svg,Aggregated out-of-fold confusion matrix and classification error profile
Figure 32,fig32_full_vs_reduced_features,Phase 5 (JDS ML),outputs/figures/phase5/fig32_full_vs_reduced_features.png,outputs/figures/phase5/fig32_full_vs_reduced_features.svg,Parsimony comparison between 5-feature full and 2-feature reduced model
Figure 33,fig33_sds_model_roc_curves,Phase 6 (SDS ML),outputs/figures/phase6/fig33_sds_model_roc_curves.png,outputs/figures/phase6/fig33_sds_model_roc_curves.svg,Mean out-of-sample ROC curves across 25 grouped splits for SDS candidate models
Figure 34,fig34_sds_model_performance,Phase 6 (SDS ML),outputs/figures/phase6/fig34_sds_model_performance.png,outputs/figures/phase6/fig34_sds_model_performance.svg,Comparative bar plot of performance metrics across candidate models for SDS
Figure 35,fig35_sds_logistic_odds_ratios,Phase 6 (SDS ML),outputs/figures/phase6/fig35_sds_logistic_odds_ratios.png,outputs/figures/phase6/fig35_sds_logistic_odds_ratios.svg,Forest plot of standardized adjusted odds ratios for SDS Big Five traits
Figure 36,fig36_sds_tree_rules,Phase 6 (SDS ML),outputs/figures/phase6/fig36_sds_tree_rules.png,outputs/figures/phase6/fig36_sds_tree_rules.svg,CART decision tree leaf node success probabilities and sample counts for SDS
Figure 37,fig37_sds_permutation_importance,Phase 6 (SDS ML),outputs/figures/phase6/fig37_sds_permutation_importance.png,outputs/figures/phase6/fig37_sds_permutation_importance.svg,Held-out permutation feature importance for SDS Random Forest model
Figure 38,fig38_sds_feature_stability,Phase 6 (SDS ML),outputs/figures/phase6/fig38_sds_feature_stability.png,outputs/figures/phase6/fig38_sds_feature_stability.svg,Trait rank stability across 25 StratifiedGroupKFold splits
Figure 39,fig39_sds_confusion_matrix,Phase 6 (SDS ML),outputs/figures/phase6/fig39_sds_confusion_matrix.png,outputs/figures/phase6/fig39_sds_confusion_matrix.svg,Out-of-fold confusion matrix for SDS Champion Logistic Regression L2
Figure 40,fig40_sds_sensitivity_comparison,Phase 6 (SDS ML),outputs/figures/phase6/fig40_sds_sensitivity_comparison.png,outputs/figures/phase6/fig40_sds_sensitivity_comparison.svg,Sensitivity comparison between Primary N=161 and Deduplicated N=152
Figure 41,fig41_career_stage_evidence_map,Phase 7 (Synthesis),outputs/figures/phase7/fig41_career_stage_evidence_map.png,outputs/figures/phase7/fig41_career_stage_evidence_map.svg,Career-stage compensation envelopes and dominant evidence drivers
Figure 42,fig42_market_skill_progression,Phase 7 (Synthesis),outputs/figures/phase7/fig42_market_skill_progression.png,outputs/figures/phase7/fig42_market_skill_progression.svg,Adjusted odds ratios comparing market salary premia to junior promotion velocity
Figure 43,fig43_skill_to_career_stage_matrix,Phase 7 (Synthesis),outputs/figures/phase7/fig43_skill_to_career_stage_matrix.png,outputs/figures/phase7/fig43_skill_to_career_stage_matrix.svg,Competency priority heatmap matrix mapped across career lifecycle stages
Figure 44,fig44_evidence_strength_matrix,Phase 7 (Synthesis),outputs/figures/phase7/fig44_evidence_strength_matrix.png,outputs/figures/phase7/fig44_evidence_strength_matrix.svg,Methodological evidence strength grading across major empirical findings
Figure 45,fig45_four_quadrant_talent_matrix,Phase 8 (Framework),outputs/figures/phase8/fig45_four_quadrant_talent_matrix.png,outputs/figures/phase8/fig45_four_quadrant_talent_matrix.svg,Evidence-based Four-Quadrant Talent Matrix (Technical vs Storytelling)
Figure 46,fig46_career_progression_roadmap,Phase 8 (Framework),outputs/figures/phase8/fig46_career_progression_roadmap.png,outputs/figures/phase8/fig46_career_progression_roadmap.svg,Longitudinal career progression roadmap and developmental milestones
Figure 47,fig47_stakeholder_action_map,Phase 8 (Framework),outputs/figures/phase8/fig47_stakeholder_action_map.png,outputs/figures/phase8/fig47_stakeholder_action_map.svg,Evidence-to-action blueprints mapped across the four primary stakeholders
Figure 48,fig48_competency_priority_matrix,Phase 8 (Framework),outputs/figures/phase8/fig48_competency_priority_matrix.png,outputs/figures/phase8/fig48_competency_priority_matrix.svg,Prioritized competency hierarchy based on empirical ROI multipliers
